index=0,user_id=50406.0,Time Difference,Weight,Shopping Cart,Search,Shop,Coupon,Review,Publisher
http://www.wetnwildbeauty.com/sale.html?utm_source=wet+n+wild&utm_campaign=3f1e49c7db-novemberlto_2016_11_11&utm_medium=email&utm_term=0_8b097929a5-3f1e49c7db-178109745&mc_cid=3f1e49c7db&mc_eid=cc0ffdd89d,11/12/2016,0,7,0,0,1,0,0,0
http://wetnwildbeauty.us12.list-manage1.com/track/click?u=efcadf47c48a666899b39c6e8&id=298829956c&e=cc0ffdd89d,11/12/2016,0,7,0,0,0,0,0,0
https://www.buzzfeed.com/christinalan/dirt-cheap-makeup-products?utm_term=.divqonmxd#.fbwlgrake,11/12/2016,0,7,0,0,0,0,0,1
https://www.buzzfeed.com/christinalan/dirt-cheap-makeup-products?utm_term=.divqonmxd#.fbwlgrake,11/12/2016,0,7,0,0,0,0,0,1
http://www.byrdie.com/lose-weight-fast?utm_source=newsletter&utm_medium=email&utm_campaign=byrdie+september+26+2016+body+changes,11/12/2016,0,7,0,0,0,0,0,1
http://www.refinery29.com/macys-miniskirt-outfits-styling-tips?utm_source=email&utm_medium=editorial&utm_content=everywhere&utm_campaign=161110-hillary-clinton-loss-denial-anger-fighting-back#slide-1,11/11/2016,1,6,0,0,0,0,0,1
http://www.refinery29.com/macys-miniskirt-outfits-styling-tips?utm_source=email&utm_medium=editorial&utm_content=everywhere&utm_campaign=161110-hillary-clinton-loss-denial-anger-fighting-back#slide,11/11/2016,1,6,0,0,0,0,0,1
http://www.refinery29.com/macys-miniskirt-outfits-styling-tips?utm_source=email&utm_medium=editorial&utm_content=everywhere&utm_campaign=161110-hillary-clinton-loss-denial-anger-fighting-back#slide,11/11/2016,1,6,0,0,0,0,0,1
http://www.refinery29.com/macys-miniskirt-outfits-styling-tips?utm_source=email&utm_medium=editorial&utm_content=everywhere&utm_campaign=161110-hillary-clinton-loss-denial-anger-fighting-back,11/11/2016,1,6,0,0,0,0,0,1
http://www.refinery29.com/macys-miniskirt-outfits-styling-tips?utm_source=email&utm_medium=editorial&utm_content=everywhere&utm_campaign=161110-hillary-clinton-loss-denial-anger-fighting-back,11/11/2016,1,6,0,0,0,0,0,1
http://www.sephora.com/,11/11/2016,1,6,0,0,0,0,0,0
http://www.sephora.com/shadow-side-eye-set-p414170?skuid=1860675&icid2=products%20grid:p414170&om_mmc=aff-linkshare-redirect-tnl5hpstwnw&c3ch=linkshare&c3nid=tnl5hpstwnw&affid=tnl5hpstwnw-n6ddvh1f5dzcpmf3q7a9rg&raneaid=tnl5hpstwnw&ranmid=2417&ransiteid=tnl5hpstwnw-n6ddvh1f5dzcpmf3q7a9rg&ranlinkid=10-1&browserdefault=true,11/11/2016,1,6,0,0,0,0,0,0
http://www.refinery29.com/2016/11/129137/sephora-vib-sale-best-products-in-stores-online?utm_source=email&utm_medium=editorial&utm_content=everywhere&utm_campaign=161110-hillary-clinton-loss-denial-anger-fighting-back#slide-3,11/11/2016,1,6,0,0,0,0,0,1
http://www.sephora.com/shadow-side-eye-set-p414170?skuid=1860675&icid2=products%20grid:p414170&om_mmc=aff-linkshare-redirect-tnl5hpstwnw&c3ch=linkshare&c3nid=tnl5hpstwnw&affid=tnl5hpstwnw-n6ddvh1f5dzcpmf3q7a9rg&raneaid=tnl5hpstwnw&ranmid=2417&ransiteid=tnl5hpstwnw-n6ddvh1f5dzcpmf3q7a9rg&ranlinkid=10-1&browserdefault=true,11/11/2016,1,6,0,0,0,0,0,0
http://www.sephora.com/affiliates.jsp?site=linkshare&url=http%3a%2f%2fwww.sephora.com%2fshadow%2dside%2deye%2dset%2dp414170%3fskuid%3d1860675%26icid2%3dproducts%2520grid%3ap414170%26om_mmc%3daff-linkshare-redirect-tnl5hpstwnw%26c3ch%3dlinkshare%26c3nid%3dtnl5hpstwnw%26affid%3dtnl5hpstwnw-n6ddvh1f5dzcpmf3q7a9rg%26raneaid%3dtnl5hpstwnw%26ranmid%3d2417%26ransiteid%3dtnl5hpstwnw-n6ddvh1f5dzcpmf3q7a9rg%26ranlinkid%3d10-1%26browserdefault%3dtrue&siteid=tnl5hpstwnw-n6ddvh1f5dzcpmf3q7a9rg,11/11/2016,1,6,0,0,0,0,0,0
http://go.refinery29.com/?id=30283x879131&site=refinery29.com&xcust=desktop0slideshow&xs=1&isjs=1&url=http%3a%2f%2fwww.sephora.com%2fshadow-side-eye-set-p414170%3fskuid%3d1860675%26icid2%3dproducts%2520grid%3ap414170&xguid=4843eb5dfffd45f331bc041a6b13955b&xuuid=868af09f62144bae9633eb0740b856ae&xsessid=e38b1d39c0c18bbe57747340852af363&xcreo=0&xed=0&sref=http%3a%2f%2fwww.refinery29.com%2f2016%2f11%2f129137%2fsephora-vib-sale-best-products-in-stores-online%3futm_source%3demail%26utm_medium%3deditorial%26utm_content%3deverywhere%26utm_campaign%3d161110-hillary-clinton-loss-denial-anger-fighting-back%23slide-3&xtz=300,11/11/2016,1,6,0,0,0,0,0,1
http://www.refinery29.com/2016/11/129137/sephora-vib-sale-best-products-in-stores-online?utm_source=email&utm_medium=editorial&utm_content=everywhere&utm_campaign=161110-hillary-clinton-loss-denial-anger-fighting-back#slide,11/11/2016,1,6,0,0,0,0,0,1
http://www.byrdie.com/lose-weight-fast?utm_source=newsletter&utm_medium=email&utm_campaign=byrdie+september+26+2016+body+changes,11/11/2016,1,6,0,0,0,0,0,1
http://www.byrdie.com/quick-skincare-tips?utm_source=newsletter&utm_medium=email&utm_campaign=byrdie+november+9+2016+kim+foundation,11/11/2016,1,6,0,0,0,0,0,1
http://www.byrdie.com/november-nail-horoscope-2016?utm_source=newsletter&utm_medium=email&utm_campaign=byrdie+november+9+2016+kim+foundation,11/11/2016,1,6,0,0,0,0,0,1
http://www.byrdie.com/updos-for-short-hair?utm_source=newsletter&utm_medium=email&utm_campaign=byrdie+november+9+2016+kim+foundation,11/11/2016,1,6,0,0,0,0,0,1
http://www.byrdie.com/weird-beauty-google-searches?utm_source=newsletter&utm_medium=email&utm_campaign=byrdie+november+9+2016+kim+foundation,11/11/2016,1,6,0,0,0,0,0,1
http://www.byrdie.com/updos-for-short-hair?utm_source=newsletter&utm_medium=email&utm_campaign=byrdie+november+9+2016+kim+foundation,11/10/2016,2,5,0,0,0,0,0,1
http://www.byrdie.com/what-workout-should-i-do?utm_source=newsletter&utm_medium=email&utm_campaign=byrdie+november+9+2016+kim+foundation,11/10/2016,2,5,0,0,0,0,0,1
http://www.byrdie.com/weird-beauty-google-searches?utm_source=newsletter&utm_medium=email&utm_campaign=byrdie+november+9+2016+kim+foundation,11/10/2016,2,5,0,0,0,0,0,1
http://www.byrdie.com/lose-weight-fast?utm_source=newsletter&utm_medium=email&utm_campaign=byrdie+september+26+2016+body+changes,11/10/2016,2,5,0,0,0,0,0,1
http://www.byrdie.com/what-workout-should-i-do?utm_source=newsletter&utm_medium=email&utm_campaign=byrdie+november+9+2016+kim+foundation,11/10/2016,2,5,0,0,0,0,0,1
http://www.byrdie.com/quick-skincare-tips?utm_source=newsletter&utm_medium=email&utm_campaign=byrdie+november+9+2016+kim+foundation,11/10/2016,2,5,0,0,0,0,0,1
http://www.byrdie.com/updos-for-short-hair?utm_source=newsletter&utm_medium=email&utm_campaign=byrdie+november+9+2016+kim+foundation,11/10/2016,2,5,0,0,0,0,0,1
http://www.byrdie.com/november-nail-horoscope-2016?utm_source=newsletter&utm_medium=email&utm_campaign=byrdie+november+9+2016+kim+foundation,11/10/2016,2,5,0,0,0,0,0,1
http://www.byrdie.com/weird-beauty-google-searches?utm_source=newsletter&utm_medium=email&utm_campaign=byrdie+november+9+2016+kim+foundation,11/10/2016,2,5,0,0,0,0,0,1
https://www.buzzfeed.com/sallytamarkin/some-of-my-best-foods-are-processed?utm_term=.wcbke4wz1&utm_medium=email&utm_campaign=health%20%20beauty%20112&utm_content=health%20%20beauty%20112+cid_9fae844256d9cbad3ca78ccd39672f68&utm_source=buzzfeed%20newsletters#.ds01qdpbw,11/10/2016,2,5,0,0,0,0,0,1
https://www.buzzfeed.com/tolanishoneye/men-tell-us-what-its-really-like-to-be-black?utm_term=.sgj869lzj#.val9lxq4m,11/10/2016,2,5,0,0,0,0,0,1
http://www.byrdie.com/how-to-tone-up-fast?utm_source=newsletter&utm_medium=email&utm_campaign=byrdie+october+6+2016+clearer+skin,11/10/2016,2,5,0,0,0,0,0,1
http://www.byrdie.com/weird-beauty-google-searches?utm_source=newsletter&utm_medium=email&utm_campaign=byrdie+november+9+2016+kim+foundation,11/9/2016,3,4,0,0,0,0,0,1
http://www.byrdie.com/what-workout-should-i-do?utm_source=newsletter&utm_medium=email&utm_campaign=byrdie+november+9+2016+kim+foundation,11/9/2016,3,4,0,0,0,0,0,1
http://www.byrdie.com/updos-for-short-hair?utm_source=newsletter&utm_medium=email&utm_campaign=byrdie+november+9+2016+kim+foundation,11/9/2016,3,4,0,0,0,0,0,1
http://www.byrdie.com/november-nail-horoscope-2016?utm_source=newsletter&utm_medium=email&utm_campaign=byrdie+november+9+2016+kim+foundation,11/9/2016,3,4,0,0,0,0,0,1
http://www.byrdie.com/quick-skincare-tips?utm_source=newsletter&utm_medium=email&utm_campaign=byrdie+november+9+2016+kim+foundation,11/9/2016,3,4,0,0,0,0,0,1
http://www.byrdie.com/lose-weight-fast?utm_source=newsletter&utm_medium=email&utm_campaign=byrdie+september+26+2016+body+changes,11/9/2016,3,4,0,0,0,0,0,1
http://www.byrdie.com/lose-weight-fast?utm_source=newsletter&utm_medium=email&utm_campaign=byrdie+september+26+2016+body+changes,11/9/2016,3,4,0,0,0,0,0,1
https://www.buzzfeed.com/essencegant/beauty-advice-not-about-makeup?utm_term=.lyd8b2zdq&utm_medium=email&utm_campaign=health%20%20beauty%20119&utm_content=health%20%20beauty%20119+cid_65007ab53d2b217487f1b3a47dde5455&utm_source=buzzfeed%20newsletters#.fyzo7zn8w,11/9/2016,3,4,0,0,0,0,0,1
https://www.buzzfeed.com/essencegant/beauty-advice-not-about-makeup?utm_term=.lyd8b2zdq&utm_medium=email&utm_campaign=health%20%20beauty%20119&utm_content=health%20%20beauty%20119+cid_65007ab53d2b217487f1b3a47dde5455&utm_source=buzzfeed%20newsletters#.fyzo7zn8w,11/9/2016,3,4,0,0,0,0,0,1
http://www.byrdie.com/lose-weight-fast?utm_source=newsletter&utm_medium=email&utm_campaign=byrdie+september+26+2016+body+changes,11/9/2016,3,4,0,0,0,0,0,1
http://www.elle.com/beauty/makeup-skin-care/news/a39328/nyx-lipstick-vault/?mag=elm&list=nl_elm_news&src=nl&date=091816,11/9/2016,3,4,0,0,0,0,0,1
http://www.byrdie.com/lose-weight-fast?utm_source=newsletter&utm_medium=email&utm_campaign=byrdie+september+26+2016+body+changes,11/9/2016,3,4,0,0,0,0,0,1
http://www.refinery29.com/best-generic-brands-beauty-products?utm_content=shops&utm_medium=editorial&utm_campaign=160918-best-generic-brands-beauty-products&utm_source=email#slide-9,11/9/2016,3,4,0,0,0,0,0,1
http://www.refinery29.com/best-generic-brands-beauty-products?utm_content=shops&utm_medium=editorial&utm_campaign=160918-best-generic-brands-beauty-products&utm_source=email#slide,11/9/2016,3,4,0,0,0,0,0,1
http://www.refinery29.com/ruffle-clothing-accessoires-fall-trend?utm_content=shops&utm_medium=editorial&utm_campaign=160918-best-generic-brands-beauty-products&utm_source=email#slide,11/9/2016,3,4,0,0,0,0,0,1
http://www.refinery29.com/ruffle-clothing-accessoires-fall-trend?utm_content=shops&utm_medium=editorial&utm_campaign=160918-best-generic-brands-beauty-products&utm_source=email#slide,11/9/2016,3,4,0,0,0,0,0,1
http://www.refinery29.com/ruffle-clothing-accessoires-fall-trend?utm_content=shops&utm_medium=editorial&utm_campaign=160918-best-generic-brands-beauty-products&utm_source=email#slide,11/9/2016,3,4,0,0,0,0,0,1
http://www.elle.com/beauty/makeup-skin-care/news/a39328/nyx-lipstick-vault/?mag=elm&list=nl_elm_news&src=nl&date=091816,11/9/2016,3,4,0,0,0,0,0,1
http://www.refinery29.com/ruffle-clothing-accessoires-fall-trend?utm_content=shops&utm_medium=editorial&utm_campaign=160918-best-generic-brands-beauty-products&utm_source=email#slide,11/9/2016,3,4,0,0,0,0,0,1
http://www.refinery29.com/best-generic-brands-beauty-products?utm_content=shops&utm_medium=editorial&utm_campaign=160918-best-generic-brands-beauty-products&utm_source=email#slide,11/9/2016,3,4,0,0,0,0,0,1
http://www.byrdie.com/lose-weight-fast?utm_source=newsletter&utm_medium=email&utm_campaign=byrdie+september+26+2016+body+changes,11/9/2016,3,4,0,0,0,0,0,1
http://www.refinery29.com/ole-henriksen-sugar-polishing-mask-review?utm_content=everywhere&utm_medium=editorial&utm_campaign=160918-emmys-2016-best-dressed-red-carpet-photos&utm_source=email,11/9/2016,3,4,0,0,0,0,0,1
http://www.byrdie.com/lose-weight-fast?utm_source=newsletter&utm_medium=email&utm_campaign=byrdie+september+26+2016+body+changes,11/9/2016,3,4,0,0,0,0,0,1
http://www.refinery29.com/ole-henriksen-sugar-polishing-mask-review?utm_content=everywhere&utm_medium=editorial&utm_campaign=160918-emmys-2016-best-dressed-red-carpet-photos&utm_source=email,11/9/2016,3,4,0,0,0,0,0,1
http://www.byrdie.com/lose-weight-fast?utm_source=newsletter&utm_medium=email&utm_campaign=byrdie+september+26+2016+body+changes,11/9/2016,3,4,0,0,0,0,0,1
http://www.byrdie.com/global-beauty-tips?utm_source=newsletter&utm_medium=email&utm_campaign=byrdie+september+19+2016+arms+like+rhw,11/9/2016,3,4,0,0,0,0,0,1
http://www.byrdie.com/lose-weight-fast?utm_source=newsletter&utm_medium=email&utm_campaign=byrdie+september+26+2016+body+changes,11/9/2016,3,4,0,0,0,0,0,1
http://www.byrdie.com/global-beauty-tips?utm_source=newsletter&utm_medium=email&utm_campaign=byrdie+september+19+2016+arms+like+rhw,11/9/2016,3,4,0,0,0,0,0,1
http://www.byrdie.com/lose-weight-fast?utm_source=newsletter&utm_medium=email&utm_campaign=byrdie+september+26+2016+body+changes,11/9/2016,3,4,0,0,0,0,0,1
http://www.refinery29.com/2016/09/123996/sarah-hyland-ariel-winter-modern-family-kids?utm_content=everywhere&utm_medium=editorial&utm_campaign=160923-kim-kardashian-app-makeup-routine&utm_source=email,11/9/2016,3,4,0,0,0,0,0,1
http://www.refinery29.com/keds-new-fall-sneakers-colorful-collection?utm_content=everywhere&utm_medium=editorial&utm_campaign=160923-kim-kardashian-app-makeup-routine&utm_source=email#slide,11/9/2016,3,4,0,0,0,0,0,1
http://www.refinery29.com/2016/09/122362/uber-hacks-spotify-tips?utm_content=everywhere&utm_medium=editorial&utm_campaign=160923-kim-kardashian-app-makeup-routine&utm_source=email#slide,11/9/2016,3,4,0,0,0,0,0,1
http://www.byrdie.com/lose-weight-fast?utm_source=newsletter&utm_medium=email&utm_campaign=byrdie+september+26+2016+body+changes,11/9/2016,3,4,0,0,0,0,0,1
http://www.goodhousekeeping.com/beauty/makeup/g3024/ways-to-wear-eyeliner-trends-2016/?mag=bea&list=nl_bew_news&src=nl&date=092316,11/9/2016,3,4,0,0,0,0,0,1
http://www.elle.com/beauty/makeup-skin-care/news/a39442/power-players/?mag=bea&list=nl_bew_news&src=nl&date=092316,11/9/2016,3,4,0,0,0,0,0,1
http://www.refinery29.com/2016/09/123971/kim-kardashian-app-makeup-routine?utm_content=everywhere&utm_medium=editorial&utm_campaign=160923-kim-kardashian-app-makeup-routine&utm_source=email#slide,11/9/2016,3,4,0,0,0,0,0,1
http://www.refinery29.com/2016/09/122362/uber-hacks-spotify-tips?utm_content=everywhere&utm_medium=editorial&utm_campaign=160923-kim-kardashian-app-makeup-routine&utm_source=email#slide,11/9/2016,3,4,0,0,0,0,0,1
http://www.refinery29.com/2016/09/123866/five-elements-personality-test?utm_content=everywhere&utm_medium=editorial&utm_campaign=160923-kim-kardashian-app-makeup-routine&utm_source=email,11/9/2016,3,4,0,0,0,0,0,1
http://www.refinery29.com/keds-new-fall-sneakers-colorful-collection?utm_content=everywhere&utm_medium=editorial&utm_campaign=160923-kim-kardashian-app-makeup-routine&utm_source=email#slide,11/9/2016,3,4,0,0,0,0,0,1
http://www.refinery29.com/2016/09/123996/sarah-hyland-ariel-winter-modern-family-kids?utm_content=everywhere&utm_medium=editorial&utm_campaign=160923-kim-kardashian-app-makeup-routine&utm_source=email,11/9/2016,3,4,0,0,0,0,0,1
http://www.refinery29.com/2016/09/123866/five-elements-personality-test?utm_content=everywhere&utm_medium=editorial&utm_campaign=160923-kim-kardashian-app-makeup-routine&utm_source=email,11/9/2016,3,4,0,0,0,0,0,1
http://www.refinery29.com/2016/09/123971/kim-kardashian-app-makeup-routine?utm_content=everywhere&utm_medium=editorial&utm_campaign=160923-kim-kardashian-app-makeup-routine&utm_source=email#slide,11/9/2016,3,4,0,0,0,0,0,1
http://www.elle.com/beauty/makeup-skin-care/news/a39442/power-players/?mag=bea&list=nl_bew_news&src=nl&date=092316,11/9/2016,3,4,0,0,0,0,0,1
http://www.goodhousekeeping.com/beauty/makeup/g3024/ways-to-wear-eyeliner-trends-2016/?mag=bea&list=nl_bew_news&src=nl&date=092316,11/9/2016,3,4,0,0,0,0,0,1
http://www.byrdie.com/lose-weight-fast?utm_source=newsletter&utm_medium=email&utm_campaign=byrdie+september+26+2016+body+changes,11/9/2016,3,4,0,0,0,0,0,1
http://www.byrdie.com/how-to-even-your-skin-tone?utm_source=newsletter&utm_medium=email&utm_campaign=byrdie+september+25+2016+even+skintone,11/9/2016,3,4,0,0,0,0,0,1
http://www.byrdie.com/best-fall-moisturizer?utm_source=newsletter&utm_medium=email&utm_campaign=byrdie+september+25+2016+even+skintone,11/9/2016,3,4,0,0,0,0,0,1
http://www.byrdie.com/best-celebrity-beauty-looks?utm_source=newsletter&utm_medium=email&utm_campaign=byrdie+september+25+2016+even+skintone,11/9/2016,3,4,0,0,0,0,0,1
http://www.byrdie.com/lose-weight-fast?utm_source=newsletter&utm_medium=email&utm_campaign=byrdie+september+26+2016+body+changes,11/9/2016,3,4,0,0,0,0,0,1
http://www.byrdie.com/best-celebrity-beauty-looks?utm_source=newsletter&utm_medium=email&utm_campaign=byrdie+september+25+2016+even+skintone,11/9/2016,3,4,0,0,0,0,0,1
http://www.byrdie.com/best-fall-moisturizer?utm_source=newsletter&utm_medium=email&utm_campaign=byrdie+september+25+2016+even+skintone,11/9/2016,3,4,0,0,0,0,0,1
http://www.byrdie.com/how-to-even-your-skin-tone?utm_source=newsletter&utm_medium=email&utm_campaign=byrdie+september+25+2016+even+skintone,11/9/2016,3,4,0,0,0,0,0,1
http://www.refinery29.com/healthy-living-tips-to-improve-skin?utm_content=everywhere&utm_medium=editorial&utm_campaign=160926-new-target-fall-home-collection&utm_source=email#slide,11/9/2016,3,4,0,0,0,0,0,1
http://www.byrdie.com/lose-weight-fast?utm_source=newsletter&utm_medium=email&utm_campaign=byrdie+september+26+2016+body+changes,11/9/2016,3,4,0,0,0,0,0,1
http://www.byrdie.com/drugstore-hair-moisturizing-masks-neutrogena-loreal/slide5,11/9/2016,3,4,0,0,0,0,0,1
http://www.byrdie.com/drugstore-hair-moisturizing-masks-neutrogena-loreal/slide5,11/9/2016,3,4,0,0,0,0,0,1
http://www.byrdie.com/drugstore-hair-moisturizing-masks-neutrogena-loreal/slide2,11/9/2016,3,4,0,0,0,0,0,1
http://www.byrdie.com/drugstore-hair-moisturizing-masks-neutrogena-loreal/slide1,11/9/2016,3,4,0,0,0,0,0,1
http://www.byrdie.com/drugstore-hair-moisturizing-masks-neutrogena-loreal?utm_source=newsletter&utm_medium=email&utm_campaign=byrdie+september+26+2016+body+changes,11/9/2016,3,4,0,0,0,0,0,1
http://www.byrdie.com/lose-weight-fast?utm_source=newsletter&utm_medium=email&utm_campaign=byrdie+september+26+2016+body+changes,11/9/2016,3,4,0,0,0,0,0,1
http://www.byrdie.com/unknown-beauty-brands?utm_source=newsletter&utm_medium=email&utm_campaign=byrdie+september+26+2016+body+changes,11/9/2016,3,4,0,0,0,0,0,1
http://www.byrdie.com/best-products-for-my-hair-type?utm_source=newsletter&utm_medium=email&utm_campaign=byrdie+september+26+2016+body+changes,11/9/2016,3,4,0,0,0,0,0,1
http://www.byrdie.com/blowout-hair-styles?utm_source=newsletter&utm_medium=email&utm_campaign=byrdie+september+26+2016+body+changes,11/9/2016,3,4,0,0,0,0,0,1
http://www.byrdie.com/drugstore-hair-moisturizing-masks-neutrogena-loreal?utm_source=newsletter&utm_medium=email&utm_campaign=byrdie+september+26+2016+body+changes,11/9/2016,3,4,0,0,0,0,0,1
http://www.byrdie.com/blowout-hair-styles?utm_source=newsletter&utm_medium=email&utm_campaign=byrdie+september+26+2016+body+changes,11/9/2016,3,4,0,0,0,0,0,1
http://www.byrdie.com/best-products-for-my-hair-type?utm_source=newsletter&utm_medium=email&utm_campaign=byrdie+september+26+2016+body+changes,11/9/2016,3,4,0,0,0,0,0,1
http://www.byrdie.com/unknown-beauty-brands?utm_source=newsletter&utm_medium=email&utm_campaign=byrdie+september+26+2016+body+changes,11/9/2016,3,4,0,0,0,0,0,1
http://www.byrdie.com/lose-weight-fast?utm_source=newsletter&utm_medium=email&utm_campaign=byrdie+september+26+2016+body+changes,11/9/2016,3,4,0,0,0,0,0,1
http://www.refinery29.com/healthy-living-tips-to-improve-skin?utm_content=everywhere&utm_medium=editorial&utm_campaign=160926-new-target-fall-home-collection&utm_source=email#slide,11/9/2016,3,4,0,0,0,0,0,1
http://www.whowhatwear.com/loafers-trend-gucci?utm_source=newsletter&utm_medium=email&utm_campaign=domaine+november+4+2016+anna+wintour+hates,11/9/2016,3,4,0,0,0,0,0,1
http://nymag.com/thecut/2016/11/candice-huffine-on-the-runners-body-new-running-club.html?utm_source=sailthru&utm_medium=email&utm_campaign=the%20cut%20-%20november%204%2c%202016&utm_term=subscription%20list%20-%20the%20cut%20%281%20year%29,11/9/2016,3,4,0,0,0,0,0,1
http://www.byrdie.com/dermatologist-recommended-skincare-brands/slide10,11/9/2016,3,4,0,0,0,0,0,1
http://www.byrdie.com/dermatologist-recommended-skincare-brands/slide6,11/9/2016,3,4,0,0,0,0,0,1
http://www.byrdie.com/dermatologist-recommended-skincare-brands/slide4,11/9/2016,3,4,0,0,0,0,0,1
http://www.byrdie.com/dermatologist-recommended-skincare-brands/slide3,11/9/2016,3,4,0,0,0,0,0,1
http://www.byrdie.com/dermatologist-recommended-skincare-brands?utm_source=newsletter&utm_medium=email&utm_campaign=byrdie+november+4+2016+skincare+brands,11/9/2016,3,4,0,0,0,0,0,1
http://www.whowhatwear.com/loafers-trend-gucci?utm_source=newsletter&utm_medium=email&utm_campaign=domaine+november+4+2016+anna+wintour+hates,11/9/2016,3,4,0,0,0,0,0,1
http://link.whowhatwear.com/click/8032553.237783/ahr0cdovl3d3dy53ag93agf0d2vhci5jb20vyw5uys13aw50b3vylwzhc2hpb24tbglrzxmtzglzbglrzxm_dxrtx3nvdxjjzt1uzxdzbgv0dgvyjnv0bv9tzwrpdw09zw1hawwmdxrtx2nhbxbhawdupurvbwfpbmurtm92zw1izxirncsymde2k0fubmerv2ludg91citiyxrlcw/540f7e973b35d055138ec094dca078d2d,11/9/2016,3,4,0,0,0,0,0,1
http://www.byrdie.com/dermatologist-recommended-skincare-brands?utm_source=newsletter&utm_medium=email&utm_campaign=byrdie+november+4+2016+skincare+brands,11/9/2016,3,4,0,0,0,0,0,1
http://nymag.com/thecut/2016/11/candice-huffine-on-the-runners-body-new-running-club.html?utm_source=sailthru&utm_medium=email&utm_campaign=the%20cut%20-%20november%204%2c%202016&utm_term=subscription%20list%20-%20the%20cut%20%281%20year%29,11/9/2016,3,4,0,0,0,0,0,1
http://www.byrdie.com/top-subscription-boxes?utm_source=newsletter&utm_medium=email&utm_campaign=byrdie+november+5+2016+overnight+products,11/9/2016,3,4,0,0,0,0,0,1
http://www.byrdie.com/overnight-treatments?utm_source=newsletter&utm_medium=email&utm_campaign=byrdie+november+5+2016+overnight+products,11/9/2016,3,4,0,0,0,0,0,1
http://www.byrdie.com/top-subscription-boxes?utm_source=newsletter&utm_medium=email&utm_campaign=byrdie+november+5+2016+overnight+products,11/9/2016,3,4,0,0,0,0,0,1
http://www.byrdie.com/overnight-treatments?utm_source=newsletter&utm_medium=email&utm_campaign=byrdie+november+5+2016+overnight+products,11/9/2016,3,4,0,0,0,0,0,1
http://go.refinery29.com/?id=30283x879131&site=refinery29.com&xcust=desktop0slideshow&xs=1&isjs=1&url=http%3a%2f%2fwww.publicdesire.com%2fus%2fchloe-perspex-heeled-ankle-boots-in-rust-velvet&xguid=4843eb5dfffd45f331bc041a6b13955b&xuuid=8df24cc430a347b9eee4b45ed75dc7ef&xsessid=156140fef750f334bf677888602374da&xcreo=0&xed=0&sref=http%3a%2f%2fwww.refinery29.com%2f2016%2f11%2f128345%2fpinterest-top-bootie-for-fall-photos%3futm_source%3demail%26utm_medium%3deditorial%26utm_content%3deverywhere%26utm_campaign%3d161108-pinterest-top-bootie-for-fall-photos%23slide-26&xtz=300,11/9/2016,3,4,0,0,0,0,0,1
http://www.sephora.com/shopping-list,11/9/2016,3,4,0,0,0,0,0,0
http://www.sephora.com/shopping-list,11/9/2016,3,4,0,0,0,0,0,0
http://www.sephora.com/luna-mini-p387258?skuid=1633650&icid2=products%20grid:p387258,11/9/2016,3,4,0,0,0,0,0,0
http://www.sephora.com/luna-mini-p387258?skuid=1633650&icid2=products%20grid:p387258,11/9/2016,3,4,0,0,0,0,0,0
http://www.sephora.com/search/search.jsp?keyword=foreo&mode=all,11/9/2016,3,4,0,0,0,0,0,0
http://www.sephora.com/luna-play-p409062?skuid=1816107&icid2=products%20grid:p409062,11/9/2016,3,4,0,0,0,0,0,0
http://www.sephora.com/search/search.jsp?keyword=foreo&mode=all,11/9/2016,3,4,0,0,0,0,0,0
http://www.sephora.com/,11/9/2016,3,4,0,0,0,0,0,0
http://www.byrdie.com/beauty-products-horoscope/slide31,11/9/2016,3,4,0,0,0,0,0,1
http://www.byrdie.com/beauty-products-horoscope/slide31,11/9/2016,3,4,0,0,0,0,0,1
http://www.byrdie.com/beauty-products-horoscope/slide31,11/9/2016,3,4,0,0,0,0,0,1
http://www.byrdie.com/beauty-products-horoscope/slide31,11/9/2016,3,4,0,0,0,0,0,1
http://ship.sephora.com/tracking/sephora/ups?dzip=43607&country=us&lang=en&tracking_numbers=1z849ew11350100559,11/8/2016,4,3,0,0,0,0,0,0
http://ship.sephora.com/tracking/sephora/ups?dzip=43607&country=us&lang=en&tracking_numbers=1z849ew11350100559,11/8/2016,4,3,0,0,0,0,0,0
http://www.byrdie.com/best-way-to-burn-fat?utm_source=newsletter&utm_medium=email&utm_campaign=byrdie+november+8+2016+burn+calories,11/8/2016,4,3,0,0,0,0,0,1
http://www.byrdie.com/nasty-woman-unique-gift-ideas/slide11,11/8/2016,4,3,0,0,0,0,0,1
http://www.byrdie.com/nasty-woman-unique-gift-ideas?utm_source=newsletter&utm_medium=email&utm_campaign=byrdie+november+8+2016+burn+calories,11/8/2016,4,3,0,0,0,0,0,1
http://www.byrdie.com/nasty-woman-unique-gift-ideas?utm_source=newsletter&utm_medium=email&utm_campaign=byrdie+november+8+2016+burn+calories,11/8/2016,4,3,0,0,0,0,0,1
http://newsletter.byrdie.com/click/8062075.54652/ahr0cdovl3d3dy5iexjkawuuy29tl25hc3r5lxdvbwfulxvuaxf1zs1nawz0lwlkzwfzp3v0bv9zb3vyy2u9bmv3c2xldhrlciz1dg1fbwvkaxvtpwvtywlsjnv0bv9jyw1wywlnbj1cexjkawurtm92zw1izxirocsymde2k0j1cm4rq2fsb3jpzxm/57c0b32124c17c26d03d01aac5ec6d652,11/8/2016,4,3,0,0,0,0,0,1
http://www.byrdie.com/best-way-to-burn-fat?utm_source=newsletter&utm_medium=email&utm_campaign=byrdie+november+8+2016+burn+calories,11/8/2016,4,3,0,0,0,0,0,1
http://newsletter.byrdie.com/click/8062075.54652/ahr0cdovl3d3dy5iexjkawuuy29tl2jlc3qtd2f5lxrvlwj1cm4tzmf0p3v0bv9zb3vyy2u9bmv3c2xldhrlciz1dg1fbwvkaxvtpwvtywlsjnv0bv9jyw1wywlnbj1cexjkawurtm92zw1izxirocsymde2k0j1cm4rq2fsb3jpzxm/57c0b32124c17c26d03d01aad9fe5f8bd,11/8/2016,4,3,0,0,0,0,0,1
http://www.elle.com/culture/career-politics/news/a40613/donald-trumps-son-ballot-illegal/?src=nl&mag=elm&list=nl_elm_news&date=090116,11/8/2016,4,3,0,0,0,0,0,1
https://www.buzzfeed.com/tolanishoneye/men-tell-us-what-its-really-like-to-be-black?utm_term=.ftjb6ln4e#.gvqb3ydeq,11/8/2016,4,3,0,0,0,0,0,1
https://www.buzzfeed.com/tolanishoneye/men-tell-us-what-its-really-like-to-be-black?utm_term=.ftjb6ln4e#.gvqb3ydeq,11/8/2016,4,3,0,0,0,0,0,1
http://www.byrdie.com/how-to-tone-up-fast?utm_source=newsletter&utm_medium=email&utm_campaign=byrdie+october+6+2016+clearer+skin,11/8/2016,4,3,0,0,0,0,0,1
https://www.buzzfeed.com/tolanishoneye/men-tell-us-what-its-really-like-to-be-black?utm_term=.ftjb6ln4e#.gvqb3ydeq,11/8/2016,4,3,0,0,0,0,0,1
http://www.byrdie.com/how-to-tone-up-fast?utm_source=newsletter&utm_medium=email&utm_campaign=byrdie+october+6+2016+clearer+skin,11/8/2016,4,3,0,0,0,0,0,1
https://www.buzzfeed.com/sallytamarkin/some-of-my-best-foods-are-processed?utm_term=.gpn1kvddz&utm_medium=email&utm_campaign=health%20%20beauty%20112&utm_content=health%20%20beauty%20112+cid_9fae844256d9cbad3ca78ccd39672f68&utm_source=buzzfeed%20newsletters#.es3g4dqr5,11/8/2016,4,3,0,0,0,0,0,1
http://www.refinery29.com/la-jolla-ca-fashion-new-big-city-style?utm_content=everywhere&utm_medium=editorial&utm_campaign=160930-air-dry-hair-tips-hairstory-stylists&utm_source=email#slide-1,11/8/2016,4,3,0,0,0,0,0,1
https://www.buzzfeed.com/sallytamarkin/some-of-my-best-foods-are-processed?utm_term=.gpn1kvddz&utm_medium=email&utm_campaign=health%20%20beauty%20112&utm_content=health%20%20beauty%20112+cid_9fae844256d9cbad3ca78ccd39672f68&utm_source=buzzfeed%20newsletters#.es3g4dqr5,11/8/2016,4,3,0,0,0,0,0,1
http://www.byrdie.com/how-to-tone-up-fast?utm_source=newsletter&utm_medium=email&utm_campaign=byrdie+october+6+2016+clearer+skin,11/8/2016,4,3,0,0,0,0,0,1
http://www.refinery29.com/beauty-innovator-awards/,11/8/2016,4,3,0,0,0,0,0,1
https://www.buzzfeed.com/sallytamarkin/a-workout-challenge-from-buttsfeed?utm_term=.fflyxeo49&utm_medium=email&utm_campaign=health%20%20beauty%201026&utm_content=health%20%20beauty%201026+cid_2a695cfc0d9676ad9cb8a0fbf4f80f49&utm_source=buzzfeed%20newsletters#.yd82payvr,11/8/2016,4,3,0,0,0,0,0,1
http://www.refinery29.com/2016/09/123221/youtube-workout-videos?utm_source=email&utm_medium=editorial&utm_content=everywhere&utm_campaign=161018-halloween-makeup-tutorials-photos-diy#slide-4,11/8/2016,4,3,0,0,0,0,0,1
https://www.buzzfeed.com/sallytamarkin/get-fit-bodyweight-exercises?utm_term=.kad6gyrxy&utm_medium=email&utm_campaign=health%20%20beauty%201022&utm_content=health%20%20beauty%201022+cid_683fc1084c572de27ee62e27e95205f8&utm_source=buzzfeed%20newsletters#.qbm61karq,11/8/2016,4,3,0,0,0,0,0,1
https://www.buzzfeed.com/anniedaly/no-studio-required?utm_term=.ivwykpnb7&utm_medium=email&utm_campaign=health%20%20beauty%20910&utm_content=health%20%20beauty%20910+cid_4897de33679c9cda957b8d465c9c389d&utm_source=buzzfeed%20newsletters#.ykqkxgerj,11/8/2016,4,3,0,0,0,0,0,1
http://www.byrdie.com/how-to-tone-up-fast?utm_source=newsletter&utm_medium=email&utm_campaign=byrdie+october+6+2016+clearer+skin,11/8/2016,4,3,0,0,0,0,0,1
https://www.buzzfeed.com/tolanishoneye/men-tell-us-what-its-really-like-to-be-black?utm_term=.ftjb6ln4e#.gvqb3ydeq,11/8/2016,4,3,0,0,0,0,0,1
http://www.byrdie.com/how-to-tone-up-fast?utm_source=newsletter&utm_medium=email&utm_campaign=byrdie+october+6+2016+clearer+skin,11/8/2016,4,3,0,0,0,0,0,1
https://www.buzzfeed.com/tolanishoneye/men-tell-us-what-its-really-like-to-be-black?utm_term=.ftjb6ln4e#.gvqb3ydeq,11/8/2016,4,3,0,0,0,0,0,1
http://www.byrdie.com/beauty-products-horoscope/slide31,11/8/2016,4,3,0,0,0,0,0,1
http://www.byrdie.com/beauty-products-horoscope/slide31,11/8/2016,4,3,0,0,0,0,0,1
http://www.byrdie.com/beauty-products-horoscope,11/8/2016,4,3,0,0,0,0,0,1
http://www.byrdie.com/beauty-products-horoscope,11/8/2016,4,3,0,0,0,0,0,1
http://www.sephora.com/,11/7/2016,5,2,0,0,0,0,0,0
http://www.sephora.com/,11/7/2016,5,2,0,0,0,0,0,0
https://www.sephora.com/basket/basket.jsp,11/7/2016,5,2,1,0,0,0,0,0
http://www.refinery29.com/beauty-innovator-awards/,11/7/2016,5,2,0,0,0,0,0,1
https://www.sephora.com/basket/basket.jsp,11/7/2016,5,2,1,0,0,0,0,0
https://www.sephora.com/basket/basket.jsp,11/7/2016,5,2,1,0,0,0,0,0
http://www.sephora.com/electric-pressed-pigment-palette-p385671?skuid=1593268,11/7/2016,5,2,0,0,0,0,0,0
http://www.sephora.com/electric-pressed-pigment-palette-p385671?skuid=1593268,11/7/2016,5,2,0,0,0,0,0,0
http://www.sephora.com/electric-pressed-pigment-palette-p385671?skuid=1593268,11/7/2016,5,2,0,0,0,0,0,0
http://www.sephora.com/electric-pressed-pigment-palette-p385671?skuid=1593268,11/7/2016,5,2,0,0,0,0,0,0
http://www.sephora.com/electric-pressed-pigment-palette-p385671?skuid=1593268,11/7/2016,5,2,0,0,0,0,0,0
http://www.sephora.com/electric-pressed-pigment-palette-p385671?skuid=1593268,11/7/2016,5,2,0,0,0,0,0,0
http://www.sephora.com/shopping-list,11/7/2016,5,2,0,0,0,0,0,0
https://www.sephora.com/basket/basket.jsp,11/7/2016,5,2,1,0,0,0,0,0
https://www.sephora.com/basket/basket.jsp,11/7/2016,5,2,1,0,0,0,0,0
https://www.sephora.com/basket/basket.jsp,11/7/2016,5,2,1,0,0,0,0,0
https://www.sephora.com/basket/basket.jsp,11/7/2016,5,2,1,0,0,0,0,0
https://www.sephora.com/basket/basket.jsp,11/7/2016,5,2,1,0,0,0,0,0
https://www.sephora.com/basket/basket.jsp,11/7/2016,5,2,1,0,0,0,0,0
https://www.buzzfeed.com/sallytamarkin/some-of-my-best-foods-are-processed?utm_term=.gpn1kvddz&utm_medium=email&utm_campaign=health%20%20beauty%20112&utm_content=health%20%20beauty%20112+cid_9fae844256d9cbad3ca78ccd39672f68&utm_source=buzzfeed%20newsletters#.es3g4dqr5,11/7/2016,5,2,0,0,0,0,0,1
https://www.buzzfeed.com/sallytamarkin/some-of-my-best-foods-are-processed?utm_term=.gpn1kvddz&utm_medium=email&utm_campaign=health%20%20beauty%20112&utm_content=health%20%20beauty%20112+cid_9fae844256d9cbad3ca78ccd39672f68&utm_source=buzzfeed%20newsletters#.es3g4dqr5,11/7/2016,5,2,0,0,0,0,0,1
https://www.buzzfeed.com/sallytamarkin/some-of-my-best-foods-are-processed?utm_term=.gpn1kvddz&utm_medium=email&utm_campaign=health%20%20beauty%20112&utm_content=health%20%20beauty%20112+cid_9fae844256d9cbad3ca78ccd39672f68&utm_source=buzzfeed%20newsletters#.es3g4dqr5,11/7/2016,5,2,0,0,0,0,0,1
https://www.buzzfeed.com/sallytamarkin/some-of-my-best-foods-are-processed?utm_term=.gpn1kvddz&utm_medium=email&utm_campaign=health%20%20beauty%20112&utm_content=health%20%20beauty%20112+cid_9fae844256d9cbad3ca78ccd39672f68&utm_source=buzzfeed%20newsletters#.es3g4dqr5,11/7/2016,5,2,0,0,0,0,0,1
https://www.sephora.com/basket/basket.jsp,11/7/2016,5,2,1,0,0,0,0,0
https://www.sephora.com/basket/basket.jsp,11/7/2016,5,2,1,0,0,0,0,0
https://www.sephora.com/basket/basket.jsp,11/7/2016,5,2,1,0,0,0,0,0
http://www.sephora.com/?om_mmc=aff-linkshare-redirect-ayspbyf8vum&c3ch=linkshare&c3nid=ayspbyf8vum&affid=ayspbyf8vum-e6wbwplgdy77z8ko8l6wdq&raneaid=ayspbyf8vum&ranmid=2417&ransiteid=ayspbyf8vum-e6wbwplgdy77z8ko8l6wdq&ranlinkid=10-1&browserdefault=true,11/7/2016,5,2,0,0,0,0,0,0
http://www.sephora.com/?om_mmc=aff-linkshare-redirect-ayspbyf8vum&c3ch=linkshare&c3nid=ayspbyf8vum&affid=ayspbyf8vum-e6wbwplgdy77z8ko8l6wdq&raneaid=ayspbyf8vum&ranmid=2417&ransiteid=ayspbyf8vum-e6wbwplgdy77z8ko8l6wdq&ranlinkid=10-1&browserdefault=true,11/7/2016,5,2,0,0,0,0,0,0
http://www.sephora.com/affiliates.jsp?site=linkshare&url=http%3a%2f%2fwww.sephora.com%2f%3fom_mmc%3daff-linkshare-redirect-ayspbyf8vum%26c3ch%3dlinkshare%26c3nid%3dayspbyf8vum%26affid%3dayspbyf8vum-e6wbwplgdy77z8ko8l6wdq%26raneaid%3dayspbyf8vum%26ranmid%3d2417%26ransiteid%3dayspbyf8vum-e6wbwplgdy77z8ko8l6wdq%26ranlinkid%3d10-1%26browserdefault%3dtrue&siteid=ayspbyf8vum-e6wbwplgdy77z8ko8l6wdq,11/7/2016,5,2,0,0,0,0,0,0
https://www.sephora.com/checkout/shipaddress,11/7/2016,5,2,1,0,0,0,0,0
https://www.sephora.com/basket/basket.jsp?om_mmc=aff-linkshare-redirect-ayspbyf8vum&c3ch=linkshare&c3nid=ayspbyf8vum&affid=ayspbyf8vum-vomtjiofke5dr4e729gmza&raneaid=ayspbyf8vum&ranmid=2417&ransiteid=ayspbyf8vum-vomtjiofke5dr4e729gmza&ranlinkid=10-1&browserdefault=true,11/7/2016,5,2,1,0,0,0,0,0
http://www.sephora.com/affiliates.jsp?site=linkshare&url=https%3a%2f%2fwww.sephora.com%2fbasket%2fbasket.jsp%3fom_mmc%3daff-linkshare-redirect-ayspbyf8vum%26c3ch%3dlinkshare%26c3nid%3dayspbyf8vum%26affid%3dayspbyf8vum-vomtjiofke5dr4e729gmza%26raneaid%3dayspbyf8vum%26ranmid%3d2417%26ransiteid%3dayspbyf8vum-vomtjiofke5dr4e729gmza%26ranlinkid%3d10-1%26browserdefault%3dtrue&siteid=ayspbyf8vum-vomtjiofke5dr4e729gmza,11/7/2016,5,2,1,0,0,0,0,0
https://www.sephora.com/basket/basket.jsp?om_mmc=aff-linkshare-redirect-ayspbyf8vum&c3ch=linkshare&c3nid=ayspbyf8vum&affid=ayspbyf8vum-cyrxmqwrlsggpzhds8sepw&raneaid=ayspbyf8vum&ranmid=2417&ransiteid=ayspbyf8vum-cyrxmqwrlsggpzhds8sepw&ranlinkid=10-1&browserdefault=true,11/7/2016,5,2,1,0,0,0,0,0
https://www.sephora.com/basket/basket.jsp?om_mmc=aff-linkshare-redirect-ayspbyf8vum&c3ch=linkshare&c3nid=ayspbyf8vum&affid=ayspbyf8vum-cyrxmqwrlsggpzhds8sepw&raneaid=ayspbyf8vum&ranmid=2417&ransiteid=ayspbyf8vum-cyrxmqwrlsggpzhds8sepw&ranlinkid=10-1&browserdefault=true,11/6/2016,6,1,1,0,0,0,0,0
http://www.sephora.com/affiliates.jsp?site=linkshare&url=https%3a%2f%2fwww.sephora.com%2fbasket%2fbasket.jsp%3fom_mmc%3daff-linkshare-redirect-ayspbyf8vum%26c3ch%3dlinkshare%26c3nid%3dayspbyf8vum%26affid%3dayspbyf8vum-cyrxmqwrlsggpzhds8sepw%26raneaid%3dayspbyf8vum%26ranmid%3d2417%26ransiteid%3dayspbyf8vum-cyrxmqwrlsggpzhds8sepw%26ranlinkid%3d10-1%26browserdefault%3dtrue&siteid=ayspbyf8vum-cyrxmqwrlsggpzhds8sepw,11/6/2016,6,1,1,0,0,0,0,0
https://www.sephora.com/basket/basket.jsp,11/6/2016,6,1,1,0,0,0,0,0
https://www.sephora.com/basket/basket.jsp,11/6/2016,6,1,1,0,0,0,0,0
http://www.sephora.com/electric-pressed-pigment-palette-p385671?skuid=1593268,11/6/2016,6,1,0,0,0,0,0,0
http://www.sephora.com/electric-pressed-pigment-palette-p385671?skuid=1593268,11/6/2016,6,1,0,0,0,0,0,0
https://www.sephora.com/basket/basket.jsp,11/6/2016,6,1,1,0,0,0,0,0
http://www.sephora.com/energie-de-vie-the-smoothing-glow-boosting-liquid-moisturizer-p409980?skuid=1789197,11/6/2016,6,1,0,0,0,0,0,0
https://www.sephora.com/basket/basket.jsp,11/6/2016,6,1,1,0,0,0,0,0
http://www.sephora.com/colorful-eyeshadow-shimmer-p377296?skuid=1679596,11/6/2016,6,1,0,0,0,0,0,0
https://www.sephora.com/basket/basket.jsp,11/6/2016,6,1,1,0,0,0,0,0
http://www.sephora.com/electric-pressed-pigment-palette-p385671?skuid=1593268,11/6/2016,6,1,0,0,0,0,0,0
http://www.sephora.com/ombre-obsession-eyeshadow-palette-p400516?skuid=1713130,11/6/2016,6,1,0,0,0,0,0,0
http://www.sephora.com/dinoplatz-lost-identity-lip-tint-p399182?skuid=1733294,11/6/2016,6,1,0,0,0,0,0,0
http://www.sephora.com/lip-flip-shade-transformer-p406017?skuid=1801018,11/6/2016,6,1,0,0,0,0,0,0
http://www.sephora.com/lip-flip-shade-transformer-p406017?skuid=1801026,11/6/2016,6,1,0,0,0,0,0,0
http://www.sephora.com/greek-body-butters-on-go-p413620?skuid=1879907,11/6/2016,6,1,0,0,0,0,0,0
http://www.sephora.com/lip-flip-shade-transformer-p406017?skuid=1801026,11/6/2016,6,1,0,0,0,0,0,0
http://www.sephora.com/lip-flip-shade-transformer-p406017?skuid=1801018,11/6/2016,6,1,0,0,0,0,0,0
http://www.sephora.com/dinoplatz-lost-identity-lip-tint-p399182?skuid=1733294,11/6/2016,6,1,0,0,0,0,0,0
http://www.sephora.com/ombre-obsession-eyeshadow-palette-p400516?skuid=1713130,11/6/2016,6,1,0,0,0,0,0,0
http://www.sephora.com/electric-pressed-pigment-palette-p385671?skuid=1593268,11/6/2016,6,1,0,0,0,0,0,0
http://www.sephora.com/lip-flip-shade-transformer-p406017?skuid=1801026,11/6/2016,6,1,0,0,0,0,0,0
http://www.sephora.com/greek-body-butters-on-go-p413620?skuid=1879907,11/6/2016,6,1,0,0,0,0,0,0
http://www.sephora.com/lip-flip-shade-transformer-p406017?skuid=1801018,11/6/2016,6,1,0,0,0,0,0,0
http://www.sephora.com/dinoplatz-lost-identity-lip-tint-p399182?skuid=1733294,11/6/2016,6,1,0,0,0,0,0,0
https://www.sephora.com/basket/basket.jsp,11/6/2016,6,1,1,0,0,0,0,0
http://www.sephora.com/ombre-obsession-eyeshadow-palette-p400516?skuid=1713130,11/6/2016,6,1,0,0,0,0,0,0
http://www.sephora.com/ombre-obsession-eyeshadow-palette-p400516?skuid=1713130,11/6/2016,6,1,0,0,0,0,0,0
http://www.sephora.com/electric-pressed-pigment-palette-p385671?skuid=1593268,11/6/2016,6,1,0,0,0,0,0,0
http://www.sephora.com/electric-pressed-pigment-palette-p385671?skuid=1593268,11/6/2016,6,1,0,0,0,0,0,0
https://www.sephora.com/basket/basket.jsp,11/6/2016,6,1,1,0,0,0,0,0
http://www.sephora.com/ombre-obsession-eyeshadow-palette-p400516?skuid=1713130&icid2=products%20grid:p400516,11/6/2016,6,1,0,0,0,0,0,0
http://www.sephora.com/electric-pressed-pigment-palette-p385671?skuid=1593268&icid2=products%20grid:p385671,11/6/2016,6,1,0,0,0,0,0,0
http://www.sephora.com/ombre-obsession-eyeshadow-palette-p400516?skuid=1713130&icid2=products%20grid:p400516,11/6/2016,6,1,0,0,0,0,0,0
http://www.sephora.com/electric-pressed-pigment-palette-p385671?skuid=1593268&icid2=products%20grid:p385671,11/6/2016,6,1,0,0,0,0,0,0
http://www.sephora.com/modern-watercolors-eyes-palette-p403760?skuid=1770676&icid2=products%20grid:p403760,11/6/2016,6,1,0,0,0,0,0,0
http://www.sephora.com/modern-watercolors-eyes-palette-p403760?skuid=1770676&icid2=products%20grid:p403760,11/6/2016,6,1,0,0,0,0,0,0
http://www.sephora.com/search/saleresults.jsp?keyword=sale&topnav=true,11/6/2016,6,1,0,0,0,0,0,0
http://www.sephora.com/shadow-box-p395545?skuid=1694223&icid2=products%20grid:p395545,11/6/2016,6,1,0,0,0,0,0,0
http://www.sephora.com/modern-watercolors-lip-gloss-set-p403758?skuid=1770684&icid2=products%20grid:p403758,11/6/2016,6,1,0,0,0,0,0,0
http://www.sephora.com/shadow-box-p395545?skuid=1694223&icid2=products%20grid:p395545,11/6/2016,6,1,0,0,0,0,0,0
http://www.sephora.com/modern-watercolors-lip-gloss-set-p403758?skuid=1770684&icid2=products%20grid:p403758,11/6/2016,6,1,0,0,0,0,0,0
http://www.sephora.com/search/saleresults.jsp?keyword=sale&topnav=true,11/6/2016,6,1,0,0,0,0,0,0
http://www.sephora.com/shopping-list,11/6/2016,6,1,0,0,0,0,0,0
http://www.sephora.com/junkie-vice-lipstick-palette-p412342?skuid=1860634,11/6/2016,6,1,0,0,0,0,0,0
http://www.sephora.com/junkie-vice-lipstick-palette-p412342?skuid=1860634,11/6/2016,6,1,0,0,0,0,0,0
http://www.sephora.com/shopping-list,11/6/2016,6,1,0,0,0,0,0,0
http://www.sephora.com/shopping-list,11/6/2016,6,1,0,0,0,0,0,0
http://www.sephora.com/shopping-list,11/6/2016,6,1,0,0,0,0,0,0
http://www.sephora.com/whipped-argan-oil-body-butter-duo-p414116?skuid=1842889,11/6/2016,6,1,0,0,0,0,0,0
http://www.sephora.com/greek-body-butters-on-go-p413620?skuid=1879907,11/6/2016,6,1,0,0,0,0,0,0
http://www.sephora.com/whipped-argan-oil-body-butter-duo-p414116?skuid=1842889,11/6/2016,6,1,0,0,0,0,0,0
http://www.sephora.com/greek-body-butters-on-go-p413620?skuid=1879907,11/6/2016,6,1,0,0,0,0,0,0
http://www.sephora.com/whipped-argan-oil-body-butter-duo-p414116?skuid=1842889,11/6/2016,6,1,0,0,0,0,0,0
http://www.sephora.com/shopping-list,11/6/2016,6,1,0,0,0,0,0,0
https://www.sephora.com/basket/basket.jsp,11/6/2016,6,1,1,0,0,0,0,0
http://www.sephora.com/hair-rescue-masks-on-go-p412417?skuid=1841071,11/6/2016,6,1,0,0,0,0,0,0
http://www.sephora.com/greek-goddess-to-glow-p413616?skuid=1879899&icid2=products%20grid:p413616,11/6/2016,6,1,0,0,0,0,0,0
http://www.sephora.com/best-bite-redux-p413251?skuid=1873991&icid2=products%20grid:p413251,11/6/2016,6,1,0,0,0,0,0,0
http://www.sephora.com/lip-contour-set-p414175?skuid=1881416&icid2=products%20grid:p414175,11/6/2016,6,1,0,0,0,0,0,0
http://www.sephora.com/gifts-for-men,11/6/2016,6,1,0,0,0,0,0,0
http://www.sephora.com/mattified-lipstick-p406019?skuid=1800978&icid2=products%20grid%3ap406019,11/6/2016,6,1,0,0,0,0,0,0
https://www.sephora.com/basket/basket.jsp,11/6/2016,6,1,1,0,0,0,0,0
http://www.sephora.com/huda-beauty-liquid-matte-lipstick-p411320?skuid=1860824&icid2=products%20grid:p411320,11/6/2016,6,1,0,0,0,0,0,0
http://www.sephora.com/lipstick?sortby=price%3a0%3a%3ap_prod_name%3a0%3a%3ap_default_sku%3a1&currentpage=3,11/6/2016,6,1,0,0,0,0,0,0
http://www.sephora.com/kiss-holiday-lipstick-collection,11/6/2016,6,1,0,0,0,0,0,0
http://www.sephora.com/exclusive-products,11/6/2016,6,1,0,0,0,0,0,0
http://www.sephora.com/mattified-lipstick-p406019?skuid=1800978&icid2=products%20grid:p406019,11/6/2016,6,1,0,0,0,0,0,0
https://www.sephora.com/basket/basket.jsp,11/6/2016,6,1,1,0,0,0,0,0
http://www.sephora.com/lip-flip-shade-transformer-p406017?skuid=1801018&icid2=products%20grid:p406017,11/6/2016,6,1,0,0,0,0,0,0
http://www.sephora.com/huda-beauty-liquid-matte-lipstick-p411320?skuid=1860824&icid2=products%20grid:p411320,11/6/2016,6,1,0,0,0,0,0,0
http://www.sephora.com/mattified-lipstick-p406019?skuid=1800978&icid2=products%20grid:p406019,11/6/2016,6,1,0,0,0,0,0,0
http://www.sephora.com/lip-flip-shade-transformer-p406017?skuid=1801018&icid2=products%20grid:p406017,11/6/2016,6,1,0,0,0,0,0,0
http://www.sephora.com/huda-beauty-liquid-matte-lipstick-p411320?skuid=1860824&icid2=products%20grid:p411320,11/6/2016,6,1,0,0,0,0,0,0
http://www.sephora.com/lipstick,11/6/2016,6,1,0,0,0,0,0,0
http://www.sephora.com/gifts-for-men,11/6/2016,6,1,0,0,0,0,0,0
http://www.sephora.com/lipstick,11/6/2016,6,1,0,0,0,0,0,0
http://www.sephora.com/kiss-holiday-lipstick-collection,11/6/2016,6,1,0,0,0,0,0,0
http://www.sephora.com/kiss-holiday-lipstick-collection,11/6/2016,6,1,0,0,0,0,0,0
http://www.sephora.com/exclusive-products,11/6/2016,6,1,0,0,0,0,0,0
https://www.sephora.com/basket/basket.jsp,11/6/2016,6,1,1,0,0,0,0,0
http://www.sephora.com/greek-goddess-to-glow-p413616?skuid=1879899&icid2=products%20grid:p413616,11/6/2016,6,1,0,0,0,0,0,0
http://www.sephora.com/best-bite-redux-p413251?skuid=1873991&icid2=products%20grid:p413251,11/6/2016,6,1,0,0,0,0,0,0
http://www.sephora.com/lip-contour-set-p414175?skuid=1881416&icid2=products%20grid:p414175,11/6/2016,6,1,0,0,0,0,0,0
http://www.sephora.com/exclusive-products,11/6/2016,6,1,0,0,0,0,0,0
http://www.sephora.com/rouge-exclusives,11/6/2016,6,1,0,0,0,0,0,0
http://www.sephora.com/kiss-holiday-lipstick-collection,11/6/2016,6,1,0,0,0,0,0,0
http://www.sephora.com/exclusive-products,11/6/2016,6,1,0,0,0,0,0,0
http://www.sephora.com/rouge-exclusives?searchterm=vib%20rouge%20exclusives,11/6/2016,6,1,0,0,0,0,0,0
https://www.sephora.com/profile/beautyinsider/,11/6/2016,6,1,0,0,0,0,0,0
http://www.sephora.com/,11/6/2016,6,1,0,0,0,0,0,0
http://www.sephora.com/bite-beauty?icid2=products_bottom_link_bite%20beauty_1,11/6/2016,6,1,0,0,0,0,0,0
http://www.sephora.com/search/search.jsp?keyword=sephora%20exclusives&mode=all,11/6/2016,6,1,0,0,0,0,0,0
http://www.sephora.com/value-sets?icid2=homepage_quicklink_valuesets_01.06.15_link,11/6/2016,6,1,0,0,0,0,0,0
http://www.sephora.com/,11/6/2016,6,1,0,0,0,0,0,0
http://www.sephora.com/,11/6/2016,6,1,0,0,0,0,0,0
http://www.sephora.com/hair-rescue-masks-on-go-p412417?skuid=1841071,11/6/2016,6,1,0,0,0,0,0,0
http://www.sephora.com/glow-for-it-p411610?skuid=1859396,11/6/2016,6,1,0,0,0,0,0,0
http://www.sephora.com/glow-for-it-p411610?skuid=1859396,11/6/2016,6,1,0,0,0,0,0,0
https://www.sephora.com/basket/basket.jsp,11/6/2016,6,1,1,0,0,0,0,0
http://www.sephora.com/,11/6/2016,6,1,0,0,0,0,0,0
https://www.buzzfeed.com/sallytamarkin/some-of-my-best-foods-are-processed?utm_term=.gpn1kvddz&utm_medium=email&utm_campaign=health%20%20beauty%20112&utm_content=health%20%20beauty%20112+cid_9fae844256d9cbad3ca78ccd39672f68&utm_source=buzzfeed%20newsletters#.es3g4dqr5,11/6/2016,6,1,0,0,0,0,0,1
index=1,user_id=50738.0,Time Difference,Weight,0,0,0,0,0,0
http://www.wetnwildbeauty.com/face/highlight-contour/megaglotm-highlighting-powder.html,11/24/2016,0,7,0,0,1,0,0,0
https://www.google.com/webhp?sourceid=chrome-instant&ion=1&espv=2&ie=utf-8#q=wet%20n%20wild%20black%20friday%20sale,11/24/2016,0,7,0,1,0,0,0,0
http://www.wetnwildbeauty.com/face/highlight-contour/megaglotm-highlighting-powder.html,11/24/2016,0,7,0,0,1,0,0,0
http://www.wetnwildbeauty.com/face/cheeks/color-icon-blush.html,11/24/2016,0,7,0,0,1,0,0,0
http://www.wetnwildbeauty.com/eyes/shadow/limited-editions-spring-collection-color-icontm-eyeshadow-trio-html.html,11/24/2016,0,7,0,0,1,0,0,0
http://www.wetnwildbeauty.com/eyes/shadow/color-icon-eye-shadow-single.html,11/24/2016,0,7,0,0,1,0,0,0
http://www.wetnwildbeauty.com/eyes/shadow/color-icon-eyeshadow-collection.html,11/24/2016,0,7,0,0,1,0,0,0
https://www.google.com/webhp?sourceid=chrome-instant&ion=1&espv=2&ie=utf-8#q=wet%20n%20wild%20black%20friday%20sale,11/24/2016,0,7,0,1,0,0,0,0
https://www.google.com/webhp?sourceid=chrome-instant&ion=1&espv=2&ie=utf-8#q=wet%20n%20wild%20black%20friday%20sale,11/24/2016,0,7,0,1,0,0,0,0
http://www.wetnwildbeauty.com/eyes/shadow/limited-editions-spring-collection-color-icontm-eyeshadow-trio-html.html,11/24/2016,0,7,0,0,1,0,0,0
http://www.wetnwildbeauty.com/eyes/shadow/color-icon-eye-shadow-single.html,11/24/2016,0,7,0,0,1,0,0,0
http://www.wetnwildbeauty.com/eyes/shadow/color-icon-eyeshadow-collection.html,11/24/2016,0,7,0,0,1,0,0,0
http://www.wetnwildbeauty.com/eyes/shadow/color-icon-eyeshadow-collection.html,11/24/2016,0,7,0,0,1,0,0,0
http://www.wetnwildbeauty.com/eyes/shadow/color-icon-eye-shadow-single.html,11/24/2016,0,7,0,0,1,0,0,0
http://www.wetnwildbeauty.com/eyes/shadow/limited-editions-spring-collection-color-icontm-eyeshadow-trio-html.html,11/24/2016,0,7,0,0,1,0,0,0
http://www.wetnwildbeauty.com/face/cheeks/color-icon-blush.html,11/24/2016,0,7,0,0,1,0,0,0
http://www.wetnwildbeauty.com/face/highlight-contour/megaglotm-highlighting-powder.html,11/24/2016,0,7,0,0,1,0,0,0
https://www.google.com/webhp?sourceid=chrome-instant&ion=1&espv=2&ie=utf-8#q=wet%20n%20wild%20black%20friday%20sale,11/24/2016,0,7,0,1,0,0,0,0
http://www.byrdie.com/makeup-artists-drugstore?utm_source=viraltag&utm_medium=owned-social,11/24/2016,0,7,0,0,0,0,0,1
http://www.byrdie.com/makeup-artists-drugstore?utm_source=viraltag&utm_medium=owned-social,11/24/2016,0,7,0,0,0,0,0,1
http://www.byrdie.com/makeup-artists-drugstore?utm_source=viraltag&utm_medium=owned-social,11/24/2016,0,7,0,0,0,0,0,1
https://www.google.com/webhp?sourceid=chrome-instant&ion=1&espv=2&ie=utf-8#q=wet%20n%20wild%20black%20friday%20sale,11/24/2016,0,7,0,1,0,0,0,0
http://www.sephora.com/eyeshadow,11/24/2016,0,7,0,0,0,0,0,0
http://www.sephora.com/eyeshadow,11/24/2016,0,7,0,0,0,0,0,0
http://www.sephora.com/,11/24/2016,0,7,0,0,0,0,0,0
http://www.sephora.com/,11/24/2016,0,7,0,0,0,0,0,0
http://www.sephora.com/,11/24/2016,0,7,0,0,0,0,0,0
https://www.buzzfeed.com/augustafalletta/best-makeup-brands?utm_term=.nmkd6yzra#.iygng2weo,11/24/2016,0,7,0,0,0,0,0,1
http://www.wetnwildbeauty.com/eyes/shadow/color-icon-eyeshadow-collection.html,11/24/2016,0,7,0,0,1,0,0,0
http://www.wetnwildbeauty.com/accessories/brushes/brush-bundle.html,11/24/2016,0,7,0,0,1,0,0,0
http://www.wetnwildbeauty.com/accessories/brushes.html,11/24/2016,0,7,0,0,1,0,0,0
http://www.wetnwildbeauty.com/face/highlight-contour/megaglotm-highlighting-powder.html,11/24/2016,0,7,0,0,1,0,0,0
http://www.wetnwildbeauty.com/face/highlight-contour.html,11/24/2016,0,7,0,0,1,0,0,0
http://www.wetnwildbeauty.com/face/glitter.html,11/24/2016,0,7,0,0,1,0,0,0
http://www.wetnwildbeauty.com/face/powder.html,11/24/2016,0,7,0,0,1,0,0,0
http://www.wetnwildbeauty.com/face/cheeks/color-icon-blush.html,11/24/2016,0,7,0,0,1,0,0,0
http://www.wetnwildbeauty.com/face/cheeks.html,11/24/2016,0,7,0,0,1,0,0,0
http://www.wetnwildbeauty.com/eyes/shadow/limited-editions-spring-collection-color-icontm-eyeshadow-trio-html.html,11/24/2016,0,7,0,0,1,0,0,0
http://www.wetnwildbeauty.com/eyes/shadow/color-icon-eye-shadow-single.html,11/24/2016,0,7,0,0,1,0,0,0
http://www.wetnwildbeauty.com/eyes/shadow/color-icon-eyeshadow-collection.html,11/24/2016,0,7,0,0,1,0,0,0
http://www.wetnwildbeauty.com/eyes/shadow.html,11/24/2016,0,7,0,0,1,0,0,0
http://www.wetnwildbeauty.com/,11/24/2016,0,7,0,0,1,0,0,0
http://www.wetnwildbeauty.com/,11/24/2016,0,7,0,0,1,0,0,0
http://www.wetnwildbeauty.com/limited-editions/megaglotm-highlighting-powder.html,11/24/2016,0,7,0,0,1,0,0,0
http://www.wetnwildbeauty.com/,11/24/2016,0,7,0,0,1,0,0,0
https://www.buzzfeed.com/augustafalletta/best-makeup-brands?utm_term=.nmkd6yzra#.iygng2weo,11/24/2016,0,7,0,0,0,0,0,1
http://www.wetnwildbeauty.com/,11/24/2016,0,7,0,0,1,0,0,0
https://www.google.com/search?q=wet+n+wild&oq=wet+n+&aqs=chrome.0.0j69i57j69i59j0l3.1278j0j7&sourceid=chrome&ie=utf-8,11/24/2016,0,7,0,1,0,0,0,0
https://www.google.com/search?q=wet+n+wild&oq=wet+n+&aqs=chrome.0.0j69i57j69i59j0l3.1278j0j7&sourceid=chrome&ie=utf-8,11/24/2016,0,7,0,1,0,0,0,0
http://www.temptalia.com/sephora-black-friday-2016-10-15-20-deals/,11/24/2016,0,7,0,0,0,0,0,1
http://www.temptalia.com/sephora-black-friday-2016-10-15-20-deals/,11/24/2016,0,7,0,0,0,0,0,1
http://www.temptalia.com/black-friday-cyber-monday-2016-beauty-makeup-sales-coupon-codes-deals/,11/24/2016,0,7,0,0,0,0,0,1
http://www.temptalia.com/black-friday-cyber-monday-2016-beauty-makeup-sales-coupon-codes-deals/,11/24/2016,0,7,0,0,0,0,0,1
http://www.temptalia.com/black-friday-cyber-monday-2016-beauty-makeup-sales-coupon-codes-deals/,11/24/2016,0,7,0,0,0,0,0,1
http://www.temptalia.com/black-friday-cyber-monday-2016-beauty-makeup-sales-coupon-codes-deals/,11/24/2016,0,7,0,0,0,0,0,1
http://www.temptalia.com/black-friday-cyber-monday-2016-beauty-makeup-sales-coupon-codes-deals/,11/24/2016,0,7,0,0,0,0,0,1
https://www.buzzfeed.com/augustafalletta/best-makeup-brands?utm_term=.nmkd6yzra#.iygng2weo,11/24/2016,0,7,0,0,0,0,0,1
https://www.buzzfeed.com/augustafalletta/best-makeup-brands?utm_term=.nmkd6yzra#.iygng2weo,11/24/2016,0,7,0,0,0,0,0,1
http://www.refinery29.com/2016/11/130459/black-friday-beauty-sales-2016?utm_source=email&utm_medium=editorial&utm_content=everywhere&utm_campaign=161123-netflix-leaving-december-2016#slide,11/24/2016,0,7,0,0,0,0,0,1
http://www.refinery29.com/2016/11/130956/sephora-secret-app-sale?utm_source=email&utm_medium=editorial&utm_content=everywhere&utm_campaign=161123-netflix-leaving-december-2016,11/24/2016,0,7,0,0,0,0,0,1
http://www.refinery29.com/2016/11/130956/sephora-secret-app-sale?utm_source=email&utm_medium=editorial&utm_content=everywhere&utm_campaign=161123-netflix-leaving-december-2016,11/24/2016,0,7,0,0,0,0,0,1
http://thezoereport.com/beauty/celebrity-beauty/chrissy-teigen-makeup-american-music-awards-2016/?utm_content=secondary&utm_source=sailthru&utm_medium=email&utm_campaign=11/23%20tzr:%20how%20to%20dress%20up%20your%20leggings%20for%20holiday%20events:%20gucci%20safilo&utm_term=thezoereport-engaged%20only#slide-3,11/24/2016,0,7,0,0,0,0,0,1
http://thezoereport.com/beauty/celebrity-beauty/chrissy-teigen-makeup-american-music-awards-2016/?utm_content=secondary&utm_source=sailthru&utm_medium=email&utm_campaign=11/23%20tzr:%20how%20to%20dress%20up%20your%20leggings%20for%20holiday%20events:%20gucci%20safilo&utm_term=thezoereport-engaged%20only,11/24/2016,0,7,0,0,0,0,0,1
http://www.refinery29.com/2016/11/130459/black-friday-beauty-sales-2016?utm_source=email&utm_medium=editorial&utm_content=everywhere&utm_campaign=161123-netflix-leaving-december-2016#slide,11/24/2016,0,7,0,0,0,0,0,1
http://www.refinery29.com/2016/11/130956/sephora-secret-app-sale?utm_source=email&utm_medium=editorial&utm_content=everywhere&utm_campaign=161123-netflix-leaving-december-2016,11/24/2016,0,7,0,0,0,0,0,1
http://thezoereport.com/beauty/celebrity-beauty/chrissy-teigen-makeup-american-music-awards-2016/?utm_content=secondary&utm_source=sailthru&utm_medium=email&utm_campaign=11/23%20tzr:%20how%20to%20dress%20up%20your%20leggings%20for%20holiday%20events:%20gucci%20safilo&utm_term=thezoereport-engaged%20only,11/24/2016,0,7,0,0,0,0,0,1
http://www.cosmopolitan.com/style-beauty/fashion/a8357201/chrissy-teigen-defended-ama-dress/?src=nl&mag=cos&list=nl_chg_news&date=110116,11/23/2016,1,6,0,0,0,0,0,1
https://www.walgreens.com/store/c/wet-n-wild-start-to-finish-set-5-piece/id=prod6338913-product,11/23/2016,1,6,0,0,0,0,0,0
https://www.walgreens.com/store/c/wet-n-wild-start-to-finish-set-5-piece/id=prod6338913-product,11/23/2016,1,6,0,0,0,0,0,0
https://www.buzzfeed.com/juliegerstein/a-company-invented-shoes-that-are-the-answer-to-every-high-h?utm_term=.ksbm2nrbo&utm_medium=email&utm_campaign=health%20%20beauty%201123&utm_content=health%20%20beauty%201123+cid_6a119ee43d57d3d0a7401266c83eafc6&utm_source=buzzfeed%20newsletters#.waypkdglb,11/23/2016,1,6,0,0,0,0,0,1
https://www.buzzfeed.com/alisoncaporimo/clothing-charts-thatll-simplify-dressing?utm_term=.riba30gkb&utm_medium=email&utm_campaign=health%20%20beauty%201123&utm_content=health%20%20beauty%201123+cid_6a119ee43d57d3d0a7401266c83eafc6&utm_source=buzzfeed%20newsletters#.nrk1zkqvr,11/23/2016,1,6,0,0,0,0,0,1
https://www.buzzfeed.com/alisoncaporimo/game-changing-beauty-charts-if-you-suck-at-makeup?utm_term=.vimlyqwx2&utm_medium=email&utm_campaign=health%20%20beauty%201123&utm_content=health%20%20beauty%201123+cid_6a119ee43d57d3d0a7401266c83eafc6&utm_source=buzzfeed%20newsletters#.sgrazp0ge,11/23/2016,1,6,0,0,0,0,0,1
https://www.buzzfeed.com/alisoncaporimo/game-changing-beauty-charts-if-you-suck-at-makeup?utm_term=.vimlyqwx2&utm_medium=email&utm_campaign=health%20%20beauty%201123&utm_content=health%20%20beauty%201123+cid_6a119ee43d57d3d0a7401266c83eafc6&utm_source=buzzfeed%20newsletters#.sgrazp0ge,11/23/2016,1,6,0,0,0,0,0,1
https://www.buzzfeed.com/alisoncaporimo/clothing-charts-thatll-simplify-dressing?utm_term=.riba30gkb&utm_medium=email&utm_campaign=health%20%20beauty%201123&utm_content=health%20%20beauty%201123+cid_6a119ee43d57d3d0a7401266c83eafc6&utm_source=buzzfeed%20newsletters#.nrk1zkqvr,11/23/2016,1,6,0,0,0,0,0,1
https://www.buzzfeed.com/juliegerstein/a-company-invented-shoes-that-are-the-answer-to-every-high-h?utm_term=.ksbm2nrbo&utm_medium=email&utm_campaign=health%20%20beauty%201123&utm_content=health%20%20beauty%201123+cid_6a119ee43d57d3d0a7401266c83eafc6&utm_source=buzzfeed%20newsletters#.waypkdglb,11/23/2016,1,6,0,0,0,0,0,1
https://www.buzzfeed.com/juliegerstein/a-company-invented-shoes-that-are-the-answer-to-every-high-h?utm_term=.ksbm2nrbo&utm_medium=email&utm_campaign=health%20%20beauty%201123&utm_content=health%20%20beauty%201123+cid_6a119ee43d57d3d0a7401266c83eafc6&utm_source=buzzfeed%20newsletters#.waypkdglb,11/23/2016,1,6,0,0,0,0,0,1
http://www.cosmopolitan.com/style-beauty/fashion/a8357201/chrissy-teigen-defended-ama-dress/?src=nl&mag=cos&list=nl_chg_news&date=110116,11/23/2016,1,6,0,0,0,0,0,1
http://www.cosmopolitan.com/sex-love/a8356981/couple-faces-charges-after-allegedly-hooking-up-in-a-mcdonalds-parking-lot/?src=nl&mag=cos&list=nl_chg_news&date=110116,11/23/2016,1,6,0,0,0,0,0,1
http://www.cosmopolitan.com/sex-love/a8356981/couple-faces-charges-after-allegedly-hooking-up-in-a-mcdonalds-parking-lot/?src=nl&mag=cos&list=nl_chg_news&date=110116,11/23/2016,1,6,0,0,0,0,0,1
http://www.cosmopolitan.com/style-beauty/fashion/a8357201/chrissy-teigen-defended-ama-dress/?src=nl&mag=cos&list=nl_chg_news&date=110116,11/23/2016,1,6,0,0,0,0,0,1
https://www.buzzfeed.com/juliegerstein/a-company-invented-shoes-that-are-the-answer-to-every-high-h?utm_term=.ksbm2nrbo&utm_medium=email&utm_campaign=health%20%20beauty%201123&utm_content=health%20%20beauty%201123+cid_6a119ee43d57d3d0a7401266c83eafc6&utm_source=buzzfeed%20newsletters#.waypkdglb,11/23/2016,1,6,0,0,0,0,0,1
https://www.buzzfeed.com/alisoncaporimo/clothing-charts-thatll-simplify-dressing?utm_term=.riba30gkb&utm_medium=email&utm_campaign=health%20%20beauty%201123&utm_content=health%20%20beauty%201123+cid_6a119ee43d57d3d0a7401266c83eafc6&utm_source=buzzfeed%20newsletters#.nrk1zkqvr,11/23/2016,1,6,0,0,0,0,0,1
https://www.buzzfeed.com/alisoncaporimo/game-changing-beauty-charts-if-you-suck-at-makeup?utm_term=.vimlyqwx2&utm_medium=email&utm_campaign=health%20%20beauty%201123&utm_content=health%20%20beauty%201123+cid_6a119ee43d57d3d0a7401266c83eafc6&utm_source=buzzfeed%20newsletters#.sgrazp0ge,11/23/2016,1,6,0,0,0,0,0,1
http://www.sephora.com/search/saleresults.jsp?keyword=sale&topnav=true,11/23/2016,1,6,0,0,0,0,0,0
http://www.sephora.com/search/saleresults.jsp?keyword=sale&topnav=true,11/23/2016,1,6,0,0,0,0,0,0
http://www.sephora.com/search/saleresults.jsp?keyword=sale&topnav=true,11/23/2016,1,6,0,0,0,0,0,0
http://www.sephora.com/new-beauty-products?icid2=homepage_slideshow_holidays_giftwow_112216_image,11/23/2016,1,6,0,0,0,0,0,0
http://www.sephora.com/,11/23/2016,1,6,0,0,0,0,0,0
http://www.sephora.com/,11/23/2016,1,6,0,0,0,0,0,0
http://www.sephora.com/,11/23/2016,1,6,0,0,0,0,0,0
http://www.refinery29.com/hum-vitamins-review?utm_source=email&utm_medium=editorial&utm_content=everywhere&utm_campaign=161025-anxiety-help-falling-asleep-at-night,11/23/2016,1,6,0,0,0,0,0,1
http://www.refinery29.com/hum-vitamins-review?utm_source=email&utm_medium=editorial&utm_content=everywhere&utm_campaign=161025-anxiety-help-falling-asleep-at-night,11/23/2016,1,6,0,0,0,0,0,1
http://www.refinery29.com/how-to-shave-vagina?utm_source=email&utm_medium=editorial&utm_content=everywhere&utm_campaign=161120-how-to-shave-vagina#slide,11/21/2016,3,4,0,0,0,0,0,1
http://www.refinery29.com/skin-benefits-drinking-hot-water-with-lemon?utm_source=email&utm_medium=editorial&utm_content=everywhere&utm_campaign=161120-how-to-shave-vagina,11/21/2016,3,4,0,0,0,0,0,1
http://www.refinery29.com/2016/11/130158/amazon-best-thanksgiving-holiday-products?utm_source=email&utm_medium=editorial&utm_content=everywhere&utm_campaign=161120-how-to-shave-vagina#slide,11/21/2016,3,4,0,0,0,0,0,1
http://www.refinery29.com/2016/11/130553/sabra-hummus-recall-listeria?utm_source=email&utm_medium=editorial&utm_content=everywhere&utm_campaign=161120-how-to-shave-vagina,11/21/2016,3,4,0,0,0,0,0,1
http://www.refinery29.com/2016/11/130553/sabra-hummus-recall-listeria?utm_source=email&utm_medium=editorial&utm_content=everywhere&utm_campaign=161120-how-to-shave-vagina,11/21/2016,3,4,0,0,0,0,0,1
http://www.refinery29.com/2016/11/130158/amazon-best-thanksgiving-holiday-products?utm_source=email&utm_medium=editorial&utm_content=everywhere&utm_campaign=161120-how-to-shave-vagina#slide,11/21/2016,3,4,0,0,0,0,0,1
http://www.refinery29.com/skin-benefits-drinking-hot-water-with-lemon?utm_source=email&utm_medium=editorial&utm_content=everywhere&utm_campaign=161120-how-to-shave-vagina,11/21/2016,3,4,0,0,0,0,0,1
http://www.refinery29.com/how-to-shave-vagina?utm_source=email&utm_medium=editorial&utm_content=everywhere&utm_campaign=161120-how-to-shave-vagina#slide,11/21/2016,3,4,0,0,0,0,0,1
https://answers.yahoo.com/question/index?qid=20111021224006aabrhzv,11/20/2016,4,3,0,0,0,0,0,0
http://www.wetnwildbeauty.com/staywild,11/20/2016,4,3,0,0,1,0,0,0
http://www.wetnwildbeauty.com/limited-editions/color-icon-rainbow-highlighter.html,11/20/2016,4,3,0,0,1,0,0,0
http://www.wetnwildbeauty.com/limited-editions/megaglotm-highlighting-powder.html,11/20/2016,4,3,0,0,1,0,0,0
http://www.wetnwildbeauty.com/holiday/megalast-nail-polish.html,11/20/2016,4,3,0,0,1,0,0,0
http://www.wetnwildbeauty.com/holiday/gold-bar-highlighting-powder.html,11/20/2016,4,3,0,0,1,0,0,0
http://www.wetnwildbeauty.com/staywild,11/20/2016,4,3,0,0,1,0,0,0
http://www.wetnwildbeauty.com/limited-editions/color-icon-rainbow-highlighter.html,11/20/2016,4,3,0,0,1,0,0,0
http://www.wetnwildbeauty.com/limited-editions/megaglotm-highlighting-powder.html,11/20/2016,4,3,0,0,1,0,0,0
http://www.wetnwildbeauty.com/limited-editions.html,11/20/2016,4,3,0,0,1,0,0,0
http://www.wetnwildbeauty.com/holiday/megalast-nail-polish.html,11/20/2016,4,3,0,0,1,0,0,0
http://www.wetnwildbeauty.com/holiday/gold-bar-highlighting-powder.html,11/20/2016,4,3,0,0,1,0,0,0
http://www.wetnwildbeauty.com/holiday.html,11/20/2016,4,3,0,0,1,0,0,0
http://www.wetnwildbeauty.com/sale.html,11/20/2016,4,3,0,0,1,0,0,0
http://www.wetnwildbeauty.com/eyes/shadow.html,11/20/2016,4,3,0,0,1,0,0,0
http://www.wetnwildbeauty.com/limited-editions/summer-collection/megaglotm-highlighting-powder.html,11/20/2016,4,3,0,0,1,0,0,0
https://www.google.com/webhp?sourceid=chrome-instant&ion=1&espv=2&ie=utf-8#q=wet%20n%20wild%20highlighter,11/20/2016,4,3,0,1,0,0,0,0
http://www.wetnwildbeauty.com/accessories/brush-bundle.html,11/20/2016,4,3,0,0,1,0,0,0
http://www.wetnwildbeauty.com/accessories/6-piece-brush-set.html,11/20/2016,4,3,0,0,1,0,0,0
http://www.wetnwildbeauty.com/accessories/brush-bundle.html,11/20/2016,4,3,0,0,1,0,0,0
http://www.wetnwildbeauty.com/accessories/6-piece-brush-set.html,11/20/2016,4,3,0,0,1,0,0,0
http://www.wetnwildbeauty.com/accessories.html,11/20/2016,4,3,0,0,1,0,0,0
http://www.wetnwildbeauty.com/limited-editions/summer-collection/megaglotm-highlighting-powder.html,11/20/2016,4,3,0,0,1,0,0,0
http://www.wetnwildbeauty.com/store-locator,11/20/2016,4,3,0,0,1,0,0,0
http://www.wetnwildbeauty.com/store-locator,11/20/2016,4,3,0,0,1,0,0,0
http://www.wetnwildbeauty.com/limited-editions/summer-collection/megaglotm-highlighting-powder.html,11/20/2016,4,3,0,0,1,0,0,0
https://www.amazon.com/wet-wild-megaglo-highlighting-powders/dp/b01erx2o86,11/20/2016,4,3,0,0,1,0,0,0
https://www.bustle.com/articles/173610-where-to-buy-wet-n-wilds-megaglo-highlighting-powder-because-its-sold-out-everywhere,11/20/2016,4,3,0,0,0,0,0,1
https://www.amazon.com/wet-wild-megaglo-highlighting-powders/dp/b01erx2o86,11/20/2016,4,3,0,0,1,0,0,0
https://www.google.com/url?sa=t&rct=j&q=&esrc=s&source=web&cd=13&cad=rja&uact=8&ved=0ahukewiz1mgxsrjqahxgv1qkhq4zagmqfghomaw&url=https%3a%2f%2fwww.amazon.com%2fwet-wild-megaglo-highlighting-powders%2fdp%2fb01erx2o86&usg=afqjcnf496ajh7zhgjp8gcry7sub2ksftg&sig2=l38vnyyfzvac-tqpvf-upg&bvm=bv.139250283,d.cGw,11/20/2016,4,0,1,1,0,0,0
https://www.google.com/url?sa=t&rct=j&q=&esrc=s&source=web&cd=13&cad=rja&uact=8&ved=0ahukewiz1mgxsrjqahxgv1qkhq4zagmqfghomaw&url=https%3a%2f%2fwww.amazon.com%2fwet-wild-megaglo-highlighting-powders%2fdp%2fb01erx2o86&usg=afqjcnf496ajh7zhgjp8gcry7sub2ksftg&sig2=l38vnyyfzvac-tqpvf-upg&bvm=bv.139250283,d.cGw,11/20/2016,4,0,1,1,0,0,0
https://www.bustle.com/articles/173610-where-to-buy-wet-n-wilds-megaglo-highlighting-powder-because-its-sold-out-everywhere,11/20/2016,4,3,0,0,0,0,0,1
https://www.google.com/url?sa=t&rct=j&q=&esrc=s&source=web&cd=3&cad=rja&uact=8&ved=0ahukewiz1mgxsrjqahxgv1qkhq4zagmqfggnmai&url=https%3a%2f%2fwww.bustle.com%2farticles%2f173610-where-to-buy-wet-n-wilds-megaglo-highlighting-powder-because-its-sold-out-everywhere&usg=afqjcne7lnlsiy6dqsrgo0asfwqluf_igg&sig2=ujdim0knpe0yghiszidbng&bvm=bv.139250283,d.cGw,11/20/2016,4,0,1,0,0,0,1
http://www.wetnwildbeauty.com/limited-editions/summer-collection/megaglotm-highlighting-powder.html,11/20/2016,4,3,0,0,1,0,0,0
https://www.google.com/webhp?sourceid=chrome-instant&ion=1&espv=2&ie=utf-8#q=wet%20n%20wild%20highlighter,11/20/2016,4,3,0,1,0,0,0,0
http://www.wetnwildbeauty.com/limited-editions/summer-collection/megaglotm-highlighting-powder.html,11/20/2016,4,3,0,0,1,0,0,0
https://www.google.com/webhp?sourceid=chrome-instant&ion=1&espv=2&ie=utf-8#q=wet%20n%20wild%20highlighter,11/20/2016,4,3,0,1,0,0,0,0
http://www.wetnwildbeauty.com/limited-editions/summer-collection/megaglotm-highlighting-powder.html,11/20/2016,4,3,0,0,1,0,0,0
https://www.google.com/url?sa=t&rct=j&q=&esrc=s&source=web&cd=1&cad=rja&uact=8&ved=0ahukewjc5-ugq7jqahwhwvqkhy4ydusqfgg5maa&url=http%3a%2f%2fwww.wetnwildbeauty.com%2flimited-editions%2fsummer-collection%2fmegaglotm-highlighting-powder.html&usg=afqjcnh3xmrrxlav1mlxmyaiezuh8rq12a&sig2=sptgelsuaj33rn8y9mhyhq&bvm=bv.139250283,d.cGw,11/20/2016,4,0,1,1,0,0,0
https://www.buzzfeed.com/christinalan/dirt-cheap-makeup-products?utm_term=.spa2vlw76#.hxwmqjv0a,11/20/2016,4,3,0,0,0,0,0,1
https://www.buzzfeed.com/christinalan/dirt-cheap-makeup-products?utm_term=.spa2vlw76#.hxwmqjv0a,11/20/2016,4,3,0,0,0,0,0,1
https://www.buzzfeed.com/christinalan/dirt-cheap-makeup-products?utm_term=.qlmoqaao7m#.cerrmnnrev,11/20/2016,4,3,0,0,0,0,0,1
http://www.cosmopolitan.com/style-beauty/beauty/a8344236/zendaya-surprises-new-covergirl-james-charles/?src=nl&mag=cos&list=nl_chg_news&date=110116,11/20/2016,4,3,0,0,0,0,0,1
http://www.cosmopolitan.com/style-beauty/beauty/a8344236/zendaya-surprises-new-covergirl-james-charles/?src=nl&mag=cos&list=nl_chg_news&date=110116,11/20/2016,4,3,0,0,0,0,0,1
http://www.cosmopolitan.com/style-beauty/beauty/a8344236/zendaya-surprises-new-covergirl-james-charles/?src=nl&mag=cos&list=nl_chg_news&date=110116,11/20/2016,4,3,0,0,0,0,0,1
http://www.cosmopolitan.com/style-beauty/beauty/a8344236/zendaya-surprises-new-covergirl-james-charles/?src=nl&mag=cos&list=nl_chg_news&date=110116,11/20/2016,4,3,0,0,0,0,0,1
http://www.cosmopolitan.com/style-beauty/beauty/a8344236/zendaya-surprises-new-covergirl-james-charles/?src=nl&mag=cos&list=nl_chg_news&date=110116,11/20/2016,4,3,0,0,0,0,0,1
http://www.cosmopolitan.com/style-beauty/beauty/a8344236/zendaya-surprises-new-covergirl-james-charles/?src=nl&mag=cos&list=nl_chg_news&date=110116,11/20/2016,4,3,0,0,0,0,0,1
https://www.buzzfeed.com/caseygueren/28-reasons-people-really-use-birth-control?utm_term=.ciqzanpb8&utm_medium=email&utm_campaign=health%20%20beauty%201119&utm_content=health%20%20beauty%201119+cid_c20ce3d5a6ca9441bb04ca5f61f2d068&utm_source=buzzfeed%20newsletters#.rcyb0q9op,11/20/2016,4,3,0,0,0,0,0,1
https://www.buzzfeed.com/caseygueren/28-reasons-people-really-use-birth-control?utm_term=.ciqzanpb8&utm_medium=email&utm_campaign=health%20%20beauty%201119&utm_content=health%20%20beauty%201119+cid_c20ce3d5a6ca9441bb04ca5f61f2d068&utm_source=buzzfeed%20newsletters#.rcyb0q9op,11/20/2016,4,3,0,0,0,0,0,1
https://www.buzzfeed.com/caseygueren/28-reasons-people-really-use-birth-control?utm_term=.ciqzanpb8&utm_medium=email&utm_campaign=health%20%20beauty%201119&utm_content=health%20%20beauty%201119+cid_c20ce3d5a6ca9441bb04ca5f61f2d068&utm_source=buzzfeed%20newsletters#.rcyb0q9op,11/20/2016,4,3,0,0,0,0,0,1
https://www.buzzfeed.com/caseygueren/28-reasons-people-really-use-birth-control?utm_term=.ciqzanpb8&utm_medium=email&utm_campaign=health%20%20beauty%201119&utm_content=health%20%20beauty%201119+cid_c20ce3d5a6ca9441bb04ca5f61f2d068&utm_source=buzzfeed%20newsletters#.rcyb0q9op,11/20/2016,4,3,0,0,0,0,0,1
https://www.buzzfeed.com/caseygueren/28-reasons-people-really-use-birth-control?utm_term=.ciqzanpb8&utm_medium=email&utm_campaign=health%20%20beauty%201119&utm_content=health%20%20beauty%201119+cid_c20ce3d5a6ca9441bb04ca5f61f2d068&utm_source=buzzfeed%20newsletters#.rcyb0q9op,11/20/2016,4,3,0,0,0,0,0,1
https://www.buzzfeed.com/johannamagana/satisfying-eyebrow-shaping-moments?utm_term=.fk8xkb1k7&utm_medium=email&utm_campaign=health%20%20beauty%201119&utm_content=health%20%20beauty%201119+cid_c20ce3d5a6ca9441bb04ca5f61f2d068&utm_source=buzzfeed%20newsletters#.bo1pkqozv,11/20/2016,4,3,0,0,0,0,0,1
https://www.buzzfeed.com/natalyalobanova/how-unpopular-are-your-body-hair-opinions?utm_term=.tm0ao7nve&utm_medium=email&utm_campaign=health%20%20beauty%201119&utm_content=health%20%20beauty%201119+cid_c20ce3d5a6ca9441bb04ca5f61f2d068&utm_source=buzzfeed%20newsletters#.yevra6z2x,11/20/2016,4,3,0,0,0,0,0,1
https://www.buzzfeed.com/caseygueren/28-reasons-people-really-use-birth-control?utm_term=.ciqzanpb8&utm_medium=email&utm_campaign=health%20%20beauty%201119&utm_content=health%20%20beauty%201119+cid_c20ce3d5a6ca9441bb04ca5f61f2d068&utm_source=buzzfeed%20newsletters#.rcyb0q9op,11/20/2016,4,3,0,0,0,0,0,1
https://www.buzzfeed.com/natalyalobanova/how-unpopular-are-your-body-hair-opinions?utm_term=.tm0ao7nve&utm_medium=email&utm_campaign=health%20%20beauty%201119&utm_content=health%20%20beauty%201119+cid_c20ce3d5a6ca9441bb04ca5f61f2d068&utm_source=buzzfeed%20newsletters#.yevra6z2x,11/20/2016,4,3,0,0,0,0,0,1
https://www.buzzfeed.com/johannamagana/satisfying-eyebrow-shaping-moments?utm_term=.fk8xkb1k7&utm_medium=email&utm_campaign=health%20%20beauty%201119&utm_content=health%20%20beauty%201119+cid_c20ce3d5a6ca9441bb04ca5f61f2d068&utm_source=buzzfeed%20newsletters#.bo1pkqozv,11/20/2016,4,3,0,0,0,0,0,1
https://www.buzzfeed.com/juliegerstein/people-are-sharing-tricks-to-make-their-own-special-disney-p?utm_term=.turwnrq5b&utm_medium=email&utm_campaign=health%20%20beauty%201119&utm_content=health%20%20beauty%201119+cid_c20ce3d5a6ca9441bb04ca5f61f2d068&utm_source=buzzfeed%20newsletters#.anp79rz3y,11/20/2016,4,3,0,0,0,0,0,1
http://thezoereport.com/living/wellness/victoria-secret-model-ab-workout-martha-hunt/?utm_content=featured_1&utm_source=sailthru&utm_medium=email&utm_campaign=11/19%20zb:%20holiday%20hair%20you%20can%20do%20in%205%20minutes:%20marc%20jacobs%20beauty&utm_term=zoebeautiful-engaged-only,11/20/2016,4,3,0,0,0,0,0,1
http://thezoereport.com/living/wellness/victoria-secret-model-ab-workout-martha-hunt/?utm_content=featured_1&utm_source=sailthru&utm_medium=email&utm_campaign=11/19%20zb:%20holiday%20hair%20you%20can%20do%20in%205%20minutes:%20marc%20jacobs%20beauty&utm_term=zoebeautiful-engaged-only,11/20/2016,4,3,0,0,0,0,0,1
http://www.cosmopolitan.com/style-beauty/fashion/a8341180/kylie-jenners-teases-new-store-on-instagram/?src=nl&mag=cos&list=nl_chg_news&date=090116,11/19/2016,5,2,0,0,0,0,0,1
http://www.cosmopolitan.com/style-beauty/beauty/news/g4509/sexy-winter-skin/,11/19/2016,5,2,0,0,0,0,0,1
http://www.cosmopolitan.com/style-beauty/g6486800/10-perfect-beauty-gift-sets-for-every-friend-in-your-life/?src=nl&mag=cos&list=nl_chg_news&date=090116,11/19/2016,5,2,0,0,0,0,0,1
http://www.cosmopolitan.com/style-beauty/g6486800/10-perfect-beauty-gift-sets-for-every-friend-in-your-life/?src=nl&mag=cos&list=nl_chg_news&date=090116,11/19/2016,5,2,0,0,0,0,0,1
http://www.cosmopolitan.com/style-beauty/fashion/a8341180/kylie-jenners-teases-new-store-on-instagram/?src=nl&mag=cos&list=nl_chg_news&date=090116,11/19/2016,5,2,0,0,0,0,0,1
http://www.cosmopolitan.com/style-beauty/beauty/a8292985/mariah-carey-makeup-line-mac-cosmetics/?src=nl&mag=cos&list=nl_chg_news&date=110116,11/18/2016,6,1,0,0,0,0,0,1
https://www.buzzfeed.com/essencegant/beauty-product-reviews-by-muslim-beauty-blogers?utm_term=.bsxpeqzkz&utm_medium=email&utm_campaign=health%20%20beauty%201116&utm_content=health%20%20beauty%201116+cid_55c157caa78431c2677a442168d29ceb&utm_source=buzzfeed%20newsletters#.lkpmbl20d,11/18/2016,6,1,0,0,0,0,0,1
https://www.buzzfeed.com/maggyvaneijk/why-is-my-foot-a-banquet-of-disease?utm_term=.nrk1zkqvr&utm_medium=email&utm_campaign=health%20%20beauty%201116&utm_content=health%20%20beauty%201116+cid_55c157caa78431c2677a442168d29ceb&utm_source=buzzfeed%20newsletters#.mwd5aog0b,11/18/2016,6,1,0,0,0,0,0,1
https://www.buzzfeed.com/maggyvaneijk/why-is-my-foot-a-banquet-of-disease?utm_term=.lglxvr4yq&utm_medium=email&utm_campaign=health%20%20beauty%201116&utm_content=health%20%20beauty%201116+cid_55c157caa78431c2677a442168d29ceb&utm_source=buzzfeed%20newsletters#.ft7rvmm5j,11/18/2016,6,1,0,0,0,0,0,1
http://www.sephora.com/rewards?action=signin&om_mmc=ret-us_news1_a%2fb%20winning%20deployment-he-prd-bazaarlandingpage&emtc2=be87e639-55ad-4c56-b49e-ceaca5b36104&emlid=95be4f3947714f9390856c95ebf3434e&ematg=7116141673&emcid=50377056&viq_epid=991e49f4-ec32-4bc6-a537-26041e5cc1e5%7c50377056,11/18/2016,6,1,0,0,0,0,0,0
http://www.sephora.com/rewards?action=signin&om_mmc=ret-us_news1_a%2fb%20winning%20deployment-he-prd-750ptreward&emtc2=be87e639-55ad-4c56-b49e-ceaca5b36104&emlid=09f7bf298fb845358a144eb82ef718a6&ematg=7116141673&emcid=50377056&viq_epid=991e49f4-ec32-4bc6-a537-26041e5cc1e5%7c50377056,11/18/2016,6,1,0,0,0,0,0,0
http://www.sephora.com/urban-decay-urban-addictions-p415115?skuid=1884220,11/18/2016,6,1,0,0,0,0,0,0
http://www.sephora.com/rewards?action=signin&om_mmc=ret-us_news1_a%2fb%20winning%20deployment-he-prd-750ptreward&emtc2=be87e639-55ad-4c56-b49e-ceaca5b36104&emlid=09f7bf298fb845358a144eb82ef718a6&ematg=7116141673&emcid=50377056&viq_epid=991e49f4-ec32-4bc6-a537-26041e5cc1e5%7c50377056,11/18/2016,6,1,0,0,0,0,0,0
http://www.cosmopolitan.com/style-beauty/beauty/a8299331/kylie-jenner-holiday-makeup-collection/?src=nl&mag=cos&list=nl_chg_news&date=090116,11/18/2016,6,1,0,0,0,0,0,1
http://www.cosmopolitan.com/style-beauty/beauty/a8299331/kylie-jenner-holiday-makeup-collection/?src=nl&mag=cos&list=nl_chg_news&date=090116,11/18/2016,6,1,0,0,0,0,0,1
http://www.cosmopolitan.com/style-beauty/beauty/a8299331/kylie-jenner-holiday-makeup-collection/?src=nl&mag=cos&list=nl_chg_news&date=090116,11/18/2016,6,1,0,0,0,0,0,1
http://www.sephora.com/rewards?action=signin&om_mmc=ret-us_news1_a%2fb%20winning%20deployment-he-prd-750ptreward&emtc2=be87e639-55ad-4c56-b49e-ceaca5b36104&emlid=09f7bf298fb845358a144eb82ef718a6&ematg=7116141673&emcid=50377056&viq_epid=991e49f4-ec32-4bc6-a537-26041e5cc1e5%7c50377056,11/18/2016,6,1,0,0,0,0,0,0
http://www.sephora.com/rewards?action=signin&om_mmc=ret-us_news1_a%2fb%20winning%20deployment-he-prd-bazaarlandingpage&emtc2=be87e639-55ad-4c56-b49e-ceaca5b36104&emlid=95be4f3947714f9390856c95ebf3434e&ematg=7116141673&emcid=50377056&viq_epid=991e49f4-ec32-4bc6-a537-26041e5cc1e5%7c50377056,11/18/2016,6,1,0,0,0,0,0,0
https://www.buzzfeed.com/maggyvaneijk/why-is-my-foot-a-banquet-of-disease?utm_term=.lglxvr4yq&utm_medium=email&utm_campaign=health%20%20beauty%201116&utm_content=health%20%20beauty%201116+cid_55c157caa78431c2677a442168d29ceb&utm_source=buzzfeed%20newsletters#.ft7rvmm5j,11/18/2016,6,1,0,0,0,0,0,1
https://www.buzzfeed.com/essencegant/beauty-product-reviews-by-muslim-beauty-blogers?utm_term=.bsxpeqzkz&utm_medium=email&utm_campaign=health%20%20beauty%201116&utm_content=health%20%20beauty%201116+cid_55c157caa78431c2677a442168d29ceb&utm_source=buzzfeed%20newsletters#.lkpmbl20d,11/18/2016,6,1,0,0,0,0,0,1
http://www.cosmopolitan.com/style-beauty/beauty/a8292985/mariah-carey-makeup-line-mac-cosmetics/?src=nl&mag=cos&list=nl_chg_news&date=110116,11/18/2016,6,1,0,0,0,0,0,1
