index=0,user_id=50644,Time Difference,Weight
https://www.clinique.com/customer_service/contact_us_thanks.tmpl,2016-09-29,0,7
https://www.clinique.com/customer_service/contact_us.tmpl,2016-09-29,0,7
http://www.clinique.com/customer-care/help-topics,2016-09-29,0,7
http://www.clinique.com/products/12794/3-Step/Combination-Oily-Type-3,2016-09-29,0,7
https://www.google.com/url?sa=t&rct=j&q=&esrc=s&source=web&cd=1&ved=0ahUKEwij18fC-bTPAhVDbz4KHUxhCrUQFgjAATAA&url=http%3A%2F%2Fwww.clinique.com%2Fproducts%2F12794%2F3-Step%2FCombination-Oily-Type-3&usg=AFQjCNGOR9TImE9Yq1nQSChGl6nGZ8OkCA&sig2=kLllfmr7EOSLydVfDW5ayg,2016-09-29,0,7
https://www.google.com/search?q=clinique+for+oily+sensitive+skin&oq=clinique+oily+sensit&aqs=chrome.1.69i57j0l3.5695j0j4&sourceid=chrome&ie=UTF-8,2016-09-29,0,7
http://www.allure.com/review/clinique-liquid-facial-soap-oily-skin,2016-09-29,0,7
http://www.allure.com/gallery/best-face-washes-for-oily-skin,2016-09-29,0,7
http://www.acne.org/messageboard/topic/322030-any-recommendations-for-a-gentle-face-wash/,2016-09-29,0,7
http://www.acne.org/messageboard/topic/322030-any-recommendations-for-a-gentle-face-wash/,2016-09-29,0,7
http://www.acne.org/messageboard/topic/322030-any-recommendations-for-a-gentle-face-wash/,2016-09-29,0,7
http://www.allure.com/gallery/best-face-washes-for-oily-skin,2016-09-29,0,7
http://www.acne.org/messageboard/topic/322030-any-recommendations-for-a-gentle-face-wash/,2016-09-29,0,7
http://www.acne.org/messageboard/topic/322030-any-recommendations-for-a-gentle-face-wash/,2016-09-29,0,7
http://www.acne.org/messageboard/topic/322030-any-recommendations-for-a-gentle-face-wash/,2016-09-29,0,7
http://www.everydayhealth.com/drugs/prednisone,2016-09-29,0,7
http://www.housebeautiful.com/room-decorating/colors/g627/paint-color-ideas/?slide=14&mag=hbu&list=nl_hbn_news&src=nl&date=092816,2016-09-28,1,6
http://www.cosmopolitan.com/entertainment/a3914882/david-beckham-lookalike-debt/?mag=cos&list=nl_chg_news&src=nl&date=090116,2016-09-28,1,6
http://www.housebeautiful.com/room-decorating/colors/g627/paint-color-ideas/?slide=10&mag=hbu&list=nl_hbn_news&src=nl&date=092816,2016-09-28,1,6
http://www.cosmopolitan.com/entertainment/a3914882/david-beckham-lookalike-debt/?mag=cos&list=nl_chg_news&src=nl&date=090116,2016-09-28,1,6
http://www.housebeautiful.com/room-decorating/colors/g627/paint-color-ideas/?mag=hbu&list=nl_hbn_news&src=nl&date=092816,2016-09-28,1,6
http://www.housebeautiful.com/room-decorating/colors/g627/paint-color-ideas/?mag=hbu&list=nl_hbn_news&src=nl&date=092816,2016-09-28,1,6
http://www.jcpenney.com/hempz-original-herbal-shampoo-for-damaged-color-treated-hair-33-oz/prod.jump?ppId=pp5007230174&cm_mmc=Affiliates-_-J84DHJLQkR4-_-1-_-10&utm_medium=affiliate&utm_source=J84DHJLQkR4&utm_campaign=1&utm_content=10&siteID=J84DHJLQkR4-GunhXh1sg8Lda%2FX056u3fQ,2016-09-28,1,6
http://www.jcpenney.com/hempz-original-herbal-shampoo-for-damaged-color-treated-hair-33-oz/prod.jump?ppId=pp5007230174&cm_mmc=Affiliates-_-J84DHJLQkR4-_-1-_-10&utm_medium=affiliate&utm_source=J84DHJLQkR4&utm_campaign=1&utm_content=10&siteID=J84DHJLQkR4-biodUyDD2RuacouyfoSxfA,2016-09-28,1,6
http://www.cosmopolitan.com/entertainment/celebs/a3919465/courteney-cox-jennifer-aniston-brangelina-divorce/?mag=cos&list=nl_chg_news&src=nl&date=090116,2016-09-28,1,6
http://www.cosmopolitan.com/entertainment/a3917926/brad-pitt-skips-film-premiere-voyage-of-time-statement/?mag=cos&list=nl_chg_news&src=nl&date=090116,2016-09-28,1,6
http://www.cosmopolitan.com/entertainment/a3917926/brad-pitt-skips-film-premiere-voyage-of-time-statement/?mag=cos&list=nl_chg_news&src=nl&date=090116,2016-09-28,1,6
http://www.cosmopolitan.com/entertainment/celebs/a3620129/brad-pitt-child-abuse-investigation-angelina-jolie/,2016-09-28,1,6
http://www.cosmopolitan.com/entertainment/a3917926/brad-pitt-skips-film-premiere-voyage-of-time-statement/?mag=cos&list=nl_chg_news&src=nl&date=090116,2016-09-28,1,6
http://www.webmd.com/women/home-health-and-safety-9/color-psychology?page=2,2016-09-28,1,6
http://www.webmd.com/women/home-health-and-safety-9/color-psychology?page=2,2016-09-28,1,6
http://www.webmd.com/women/home-health-and-safety-9/color-psychology,2016-09-28,1,6
http://www.zillow.com/digs/duels/?duel_id=57167895b1bbaa050fa2cf06,2016-09-28,1,6
http://www.zillow.com/digs/bedrooms/new/?email_image_ids=5443448380,1850193537,7085103677,7085103678,7085103675,7085103674&utm_source=email&utm_medium=email&utm_campaign=emo-digsinferredBedrooms-topctabutton,2016-09-28,1,6
http://www.zillow.com/digs/bedrooms/new/?email_image_ids=5443448380,1850193537,7085103677,7085103678,7085103675,7085103674&utm_source=email&utm_medium=email&utm_campaign=emo-digsinferredBedrooms-topctabutton,2016-09-28,1,6
index=1,user_id=50363,Time Difference,Weight
https://www.giltcity.com/city/checkout/login?url_key=cliniquenationatdec16&cart_guid=ddd4e800-8a30-4808-a6a9-d2fb6b6d631f&sku_id=6907894&is_gift=false,2016-12-05,0,7
https://www.giltcity.com/newyork/cliniquenationatdec16?utm_medium=email&utm_term=4786623&utm_source=city&utm_campaign=NEWYORKWeeklyDec-785175032-NEW%20YORK&e=ZG5hZ2lybDc2QGhvdG1haWwuY29t&utm_content=cliniquenationatdec16,2016-12-05,0,7
https://www.giltcity.com/newyork/cliniquenationatdec16?utm_medium=email&utm_term=4786623&utm_source=city&utm_campaign=NEWYORKWeeklyDec-785175032-NEW%20YORK&e=ZG5hZ2lybDc2QGhvdG1haWwuY29t&utm_content=cliniquenationatdec16,2016-12-05,0,7
https://www.yelp.com/user_details?userid=AtcQIIKEavRjB0AbL6kj8A,2016-12-05,0,7
https://www.yelp.com/user_details?userid=AtcQIIKEavRjB0AbL6kj8A,2016-12-05,0,7
https://www.yelp.com/biz/verameat-jewelry-manhattan?osq=accessories,2016-12-05,0,7
https://www.yelp.com/biz/verameat-jewelry-manhattan?osq=accessories,2016-12-05,0,7
https://www.yelp.com/search?find_desc=accessories&start=30&l=g:-73.98289918899536,40.730314137569884,-73.9893364906311,40.72543584099932,2016-12-05,0,7
http://www.refinery29.com/warm-dressy-coats?utm_source=email&utm_medium=editorial&utm_content=shops&utm_campaign=161204-warm-dressy-coats#slide,2016-12-05,0,7
http://www.purewow.com/tech/how-to-get-more-Instagram-likes?utm_medium=email&utm_source=national&utm_campaign=19823&utm_content=Food_editorial,2016-12-05,0,7
http://www.wellandgood.com/good-advice/meditate-in-the-a-m-heres-why-you-should-do-it-in-a-group/,2016-12-05,0,7
http://www.wellandgood.com/good-advice/meditate-in-the-a-m-heres-why-you-should-do-it-in-a-group/,2016-12-05,0,7
http://www.refinery29.com/chanel-black-tinted-top-coat-review?utm_source=email&utm_medium=editorial&utm_content=everywhere&utm_campaign=161204-female-masturbation-techniques,2016-12-05,0,7
http://www.purewow.com/tech/how-to-get-more-Instagram-likes?utm_medium=email&utm_source=national&utm_campaign=19823&utm_content=Food_editorial,2016-12-05,0,7
http://www.refinery29.com/chanel-black-tinted-top-coat-review?utm_source=email&utm_medium=editorial&utm_content=everywhere&utm_campaign=161204-female-masturbation-techniques,2016-12-05,0,7
https://www.yelp.com/biz/fabulous-fannys-new-york,2016-12-05,0,7
http://www.sephora.com/high-precision-lip-pencil-P410515?skuId=1855824&icid2=products%20grid:p410515,2016-12-05,0,7
https://www.yelp.com/nyc,2016-12-05,0,7
https://www.yelp.com/biz/creperie-beau-monde-philadelphia-2?q=gluten,2016-12-02,3,4
https://www.yelp.com/biz/creperie-beau-monde-philadelphia-2?q=gluten,2016-12-02,3,4
https://www.yelp.com/biz/creperie-beau-monde-philadelphia-2?q=gluten,2016-12-02,3,4
https://www.yelp.com/biz_redir?url=http%3A%2F%2Fwww.creperie-beaumonde.com&website_link_type=website&src_bizid=_tt4nysrN8JpzLLVXL-z5A&cachebuster=1480703056&s=ad224fed139f09532ef05b11b9f768f1ccbf90fdaa44695fb5ec77d2ae3231cf,2016-12-02,3,4
https://www.yelp.com/biz/creperie-beau-monde-philadelphia-2,2016-12-02,3,4
https://www.yelp.com/biz_redir?url=http%3A%2F%2Fwww.creperie-beaumonde.com&website_link_type=website&src_bizid=_tt4nysrN8JpzLLVXL-z5A&cachebuster=1480703056&s=ad224fed139f09532ef05b11b9f768f1ccbf90fdaa44695fb5ec77d2ae3231cf,2016-12-02,3,4
https://www.yelp.com/map/creperie-beau-monde-philadelphia-2,2016-12-02,3,4
https://www.yelp.com/search?cflt=creperies&find_loc=Philadelphia%2C+PA%2C+USA,2016-12-02,3,4
https://www.yelp.com/search?cflt=creperies&find_loc=Philadelphia%2C+PA%2C+USA,2016-12-02,3,4
https://www.yelp.com/c/philadelphia/creperies,2016-12-02,3,4
https://www.yelp.com/biz_photos/noord-philadelphia?select=b0T1xjZlZ-r3KnfvlIEJaA,2016-12-02,3,4
https://www.yelp.com/biz_photos/noord-philadelphia?select=b0T1xjZlZ-r3KnfvlIEJaA,2016-12-02,3,4
https://www.yelp.com/nyc,2016-12-02,3,4
http://www.elle.com/beauty/news/g29167/best-lip-stains/?src=nl&mag=bea&list=nl_bew_news&date=120116,2016-12-02,3,4
http://www.elle.com/beauty/news/g29167/best-lip-stains/?src=nl&mag=bea&list=nl_bew_news&date=120116,2016-12-02,3,4
http://www.sephora.com/holiday-deluxe-bag-2016?icid2=bd_verymerry_us_112616_banner_image,2016-12-02,3,4
https://www.sephora.com/basket/basket.jsp,2016-12-02,3,4
https://www.sephora.com/profile/orderConfirmation/orderConfirmation.jsp,2016-12-02,3,4
https://www.sephora.com/profile/orderConfirmation/orderConfirmation.jsp,2016-12-02,3,4
https://www.sephora.com/checkout/confirm,2016-12-02,3,4
http://www.sephora.com/holiday-deluxe-bag-2016?icid2=bd_verymerry_us_112616_banner_image,2016-12-02,3,4
http://www.sephora.com/custom-enhancer-drops-P409765?skuId=1826924&icid2=verymerry_deluxesamplebag_112616_us_bag2_image,2016-12-02,3,4
http://www.sephora.com/holiday-deluxe-bag-2016?icid2=bd_verymerry_us_112616_banner_image,2016-12-02,3,4
https://www.sephora.com/basket/basket.jsp,2016-12-02,3,4
https://www.sephora.com/checkout/confirm,2016-12-02,3,4
http://www.sephora.com/holiday-deluxe-bag-2016?icid2=bd_verymerry_us_112616_banner_image,2016-12-02,3,4
https://www.sephora.com/checkout/confirm,2016-12-02,3,4
http://www.sephora.com/holiday-deluxe-bag-2016?icid2=bd_verymerry_us_112616_banner_image,2016-12-02,3,4
https://www.sephora.com/checkout/confirm,2016-12-02,3,4
https://www.sephora.com/basket/basket.jsp,2016-12-02,3,4
http://www.sephora.com/24-7-glide-on-lip-pencil-P219001?skuId=1105105,2016-12-02,3,4
http://www.sephora.com/promotions-weekly-specials?icid2=HomePage_QuickLink_US_WeeklySpecials_10.22.13_Link,2016-12-02,3,4
https://www.sephora.com/checkout/confirm,2016-12-02,3,4
http://www.sephora.com/holiday-deluxe-bag-2016?icid2=bd_verymerry_us_112616_banner_image,2016-12-02,3,4
http://www.sephora.com/promotions-weekly-specials?icid2=HomePage_QuickLink_US_WeeklySpecials_10.22.13_Link,2016-12-02,3,4
http://www.sephora.com/promotions-weekly-specials?icid2=HomePage_QuickLink_US_WeeklySpecials_10.22.13_Link,2016-12-02,3,4
http://www.sephora.com/24-7-glide-on-lip-pencil-P219001?skuId=1105105,2016-12-02,3,4
https://www.sephora.com/basket/basket.jsp,2016-12-02,3,4
http://www.sephora.com/promotions-weekly-specials?icid2=HomePage_QuickLink_US_WeeklySpecials_10.22.13_Link,2016-12-02,3,4
https://www.sephora.com/checkout/confirm,2016-12-02,3,4
http://www.sephora.com/24-7-glide-on-lip-pencil-P219001?skuId=1105105,2016-12-02,3,4
http://www.sephora.com/promotions-weekly-specials?icid2=HomePage_QuickLink_US_WeeklySpecials_10.22.13_Link,2016-12-02,3,4
http://www.sephora.com/,2016-12-02,3,4
http://www.sephora.com/partyon?icid2=bd_partyon_101716_image,2016-12-02,3,4
http://www.sephora.com/partyon?icid2=bd_partyon_101716_image,2016-12-02,3,4
https://www.sephora.com/basket/basket.jsp,2016-12-02,3,4
https://www.sephora.com/basket/basket.jsp,2016-12-02,3,4
https://www.sephora.com/checkout/confirm,2016-12-02,3,4
http://www.sephora.com/holiday-deluxe-bag-2016?icid2=bd_verymerry_us_112616_banner_image,2016-12-02,3,4
http://www.sephora.com/partyon?icid2=bd_partyon_101716_image,2016-12-02,3,4
http://www.sephora.com/holiday-deluxe-bag-2016?icid2=bd_verymerry_us_112616_banner_image,2016-12-02,3,4
http://www.sephora.com/partyon?icid2=bd_partyon_101716_image,2016-12-02,3,4
http://www.sephora.com/perfect-8?icid2=bd_perfect8_us_100916_image,2016-12-02,3,4
http://www.sephora.com/partyon?icid2=bd_partyon_101716_image,2016-12-02,3,4
http://www.sephora.com/holiday-deluxe-bag-2016?icid2=bd_verymerry_us_112616_banner_image,2016-12-02,3,4
http://www.sephora.com/partyon?icid2=bd_partyon_101716_image,2016-12-02,3,4
http://www.sephora.com/holiday-deluxe-bag-2016?icid2=bd_verymerry_us_112616_banner_image,2016-12-02,3,4
http://www.sephora.com/partyon?icid2=bd_partyon_101716_image,2016-12-02,3,4
http://www.sephora.com/mystery-sample-bag-2016?icid2=bd_tryme_110116_image,2016-12-02,3,4
http://www.sephora.com/perfect-8?icid2=bd_perfect8_us_100916_image,2016-12-02,3,4
http://www.sephora.com/holiday-deluxe-bag-2016?icid2=bd_verymerry_us_112616_banner_image,2016-12-02,3,4
http://www.sephora.com/partyon?icid2=bd_partyon_101716_image,2016-12-02,3,4
http://www.sephora.com/mystery-sample-bag-2016?icid2=bd_tryme_110116_image,2016-12-02,3,4
http://www.sephora.com/holiday-deluxe-bag-2016?icid2=bd_verymerry_us_112616_banner_image,2016-12-02,3,4
http://www.sephora.com/promotions-weekly-specials?icid2=HomePage_QuickLink_US_WeeklySpecials_10.22.13_Link,2016-12-02,3,4
http://www.sephora.com/,2016-12-02,3,4
http://www.sephora.com/25-deluxe-samples-2016?icid2=homepage_weeklyspecials_etnevda5_25minis_120216_image,2016-12-02,3,4
http://www.sephora.com/,2016-12-02,3,4
http://www.sephora.com/sephora-flash-subscription-P379518?skuId=1530070&icid2=HomePage_PersistentBanner_Flash,2016-12-02,3,4
http://www.sephora.com/shopping-list,2016-12-02,3,4
https://www.sephora.com/checkout/payment,2016-12-02,3,4
https://www.sephora.com/checkout/payment,2016-12-02,3,4
http://www.sephora.com/24-7-glide-on-lip-pencil-P219001?skuId=1105105,2016-12-02,3,4
https://www.sephora.com/checkout/confirm,2016-12-02,3,4
https://www.sephora.com/checkout/confirm,2016-12-02,3,4
https://www.sephora.com/basket/basket.jsp?om_mmc=aff-linkshare-redirect-AysPbYF8vuM&c3ch=Linkshare&c3nid=AysPbYF8vuM&affid=AysPbYF8vuM-qaPMUf_qjKW.v5XBZLYKoQ&ranEAID=AysPbYF8vuM&ranMID=2417&ranSiteID=AysPbYF8vuM-qaPMUf_qjKW.v5XBZLYKoQ&ranLinkID=10-1&browserdefault=true,2016-12-02,3,4
http://www.sephora.com/affiliates.jsp?site=linkshare&url=https%3A%2F%2Fwww.sephora.com%2Fbasket%2Fbasket.jsp%3Fom_mmc%3Daff-linkshare-redirect-AysPbYF8vuM%26c3ch%3DLinkshare%26c3nid%3DAysPbYF8vuM%26affid%3DAysPbYF8vuM-qaPMUf_qjKW.v5XBZLYKoQ%26ranEAID%3DAysPbYF8vuM%26ranMID%3D2417%26ranSiteID%3DAysPbYF8vuM-qaPMUf_qjKW.v5XBZLYKoQ%26ranLinkID%3D10-1%26browserdefault%3Dtrue&siteID=AysPbYF8vuM-qaPMUf_qjKW.v5XBZLYKoQ,2016-12-02,3,4
https://www.sephora.com/basket/basket.jsp,2016-12-02,3,4
http://www.sephora.com/buxom-lash-waterproof-mascara-P374159?skuId=1540293&icid2=products%20grid:p374159,2016-12-02,3,4
http://www.sephora.com/search/search.jsp?keyword=buxom%20waterproof&mode=all,2016-12-02,3,4
https://www.sephora.com/basket/basket.jsp,2016-12-02,3,4
http://www.sephora.com/aqua-lip-waterproof-lipliner-pencil-P183919?skuId=1005511,2016-12-02,3,4
http://www.sephora.com/aqua-lip-waterproof-lipliner-pencil-P183919?skuId=1005511,2016-12-02,3,4
http://www.sephora.com/aqua-lip-waterproof-lipliner-pencil-P183919?skuId=1005511,2016-12-02,3,4
http://www.temptalia.com/urban-decay-fall-2015-247-glide-on-lip-pencils-reviews-photos-swatches/,2016-12-02,3,4
http://www.sephora.com/aqua-lip-waterproof-lipliner-pencil-P183919?skuId=1005487,2016-12-02,3,4
http://www.temptalia.com/urban-decay-fall-2015-247-glide-on-lip-pencils-reviews-photos-swatches/,2016-12-02,3,4
http://www.sephora.com/24-7-glide-on-lip-pencil-P219001?skuId=1724921,2016-12-02,3,4
http://www.temptalia.com/urban-decay-fall-2015-247-glide-on-lip-pencils-reviews-photos-swatches/,2016-12-02,3,4
http://www.sephora.com/24-7-glide-on-lip-pencil-P219001?skuId=1724954,2016-12-02,3,4
http://www.temptalia.com/urban-decay-fall-2015-247-glide-on-lip-pencils-reviews-photos-swatches/,2016-12-02,3,4
http://www.sephora.com/24-7-glide-on-lip-pencil-P219001?skuId=1724954,2016-12-02,3,4
http://www.temptalia.com/urban-decay-fall-2015-247-glide-on-lip-pencils-reviews-photos-swatches/,2016-12-02,3,4
http://www.sephora.com/24-7-glide-on-lip-pencil-P219001?skuId=1724954,2016-12-02,3,4
http://www.sephora.com/aqua-lip-waterproof-lipliner-pencil-P183919?skuId=1005487,2016-12-02,3,4
http://www.sephora.com/24-7-glide-on-lip-pencil-P219001?skuId=1724954,2016-12-02,3,4
http://www.sephora.com/shopping-list,2016-12-02,3,4
https://www.sephora.com/basket/basket.jsp,2016-12-02,3,4
https://www.sephora.com/basket/basket.jsp,2016-12-02,3,4
https://www.sephora.com/basket/basket.jsp,2016-12-02,3,4
http://www.sephora.com/,2016-12-02,3,4
http://www.sephora.com/,2016-12-02,3,4
http://www.sephora.com/high-precision-lip-pencil-P410515?skuId=1855824&icid2=products%20grid:p410515,2016-12-02,3,4
http://www.sephora.com/high-precision-lip-pencil-P410515?skuId=1855824&icid2=products%20grid:p410515,2016-12-02,3,4
http://www.sephora.com/lip-liner-lip-pencils,2016-12-02,3,4
http://www.sephora.com/lip-line-perfector-P292402?skuId=1354083&icid2=products%20grid:p292402,2016-12-02,3,4
http://www.sephora.com/make-up-for-ever?node=1050000,2016-12-02,3,4
http://www.sephora.com/aqua-lip-waterproof-lipliner-pencil-P183919?skuId=1005495,2016-12-02,3,4
http://www.sephora.com/aqua-lip-waterproof-lipliner-pencil-P183919?skuId=1005487,2016-12-02,3,4
http://www.sephora.com/shopping-list,2016-12-02,3,4
http://www.sephora.com/the-colors-nail-polish-P382111?skuId=1772532,2016-12-02,3,4
http://www.sephora.com/shopping-list,2016-12-02,3,4
http://www.sephora.com/shopping-list,2016-12-02,3,4
http://www.sephora.com/beauty-amplifier-universal-lip-liner-P379324?skuId=1509041,2016-12-02,3,4
http://www.sephora.com/shopping-list,2016-12-02,3,4
https://www.sephora.com/basket/basket.jsp,2016-12-02,3,4
http://www.sephora.com/happy-birthday-beautiful-P182601?skuId=1768712,2016-12-02,3,4
http://www.sephora.com/happy-birthday-beautiful-P182601?skuId=1768712,2016-12-02,3,4
https://www.sephora.com/basket/basket.jsp,2016-12-02,3,4
http://www.sephora.com/happy-birthday-beautiful-P182601?skuId=1756113,2016-12-02,3,4
http://www.sephora.com/happy-birthday-beautiful-P182601?skuId=1756113,2016-12-02,3,4
https://www.sephora.com/basket/basket.jsp,2016-12-02,3,4
https://www.sephora.com/basket/basket.jsp,2016-12-02,3,4
https://www.sephora.com/basket/basket.jsp,2016-12-02,3,4
http://www.sephora.com/creme-du-nil-pore-refining-moisture-veil-P411869?skuId=1864743,2016-12-02,3,4
https://www.sephora.com/basket/basket.jsp,2016-12-02,3,4
http://www.sephora.com/?om_mmc=ret-us_news1_20161202_RewardCard_VIB-he-promodollaroff-rewardcardhero&emtc2=4f3fbee3-5cd6-4329-a88a-a572b72f3256&emlid=f7e833fb1007408ca047293bb52f9155&ematg=907664877&emcid=28154967&promo=&viq_epid=9fb5a638-1bbc-4aec-9fcb-b423a116e668%7C28154967,2016-12-02,3,4
http://www.instyle.com/beauty/should-you-get-botox-younger,2016-12-02,3,4
http://www.instyle.com/beauty/should-you-get-botox-younger,2016-12-02,3,4
https://track-registry.theknot.com/track/view?r=718934114&rt=14020&a=995&eventType=1&lt=RetailerGVR&st=WeddingWebsite&ss=LeftNav&sp=LinkedRegistries,2016-12-01,4,3
http://www.sephora.com/search/saleResults.jsp?keyword=Sale&topNav=true&sale=true&node=1050077,2016-12-01,4,3
http://www.nytimes.com/?WT.z_jog=1&hF=t&vS=undefined,2016-12-01,4,3
http://www.nytimes.com/?WT.z_jog=1&hF=t&vS=undefined,2016-12-01,4,3
http://www.nytimes.com/?WT.z_jog=1&hF=t&vS=undefined,2016-12-01,4,3
http://www.nytimes.com/?WT.z_jog=1&hF=t&vS=undefined,2016-12-01,4,3
http://www.sephora.com/ultimate-sun-protection-lotion-broad-spectrum-spf-50-wetforce-for-face-body-P393074?skuId=1684729&icid2=category%20search_skin%20care:sun%20care:face%20sunscreen_p393074_image&om_mmc=aff-linkshare-redirect-QFGLnEolOWg&c3ch=Linkshare&c3nid=QFGLnEolOWg&affid=QFGLnEolOWg-2ZyknLvNXZmousu1FzY2Yg&ranEAID=QFGLnEolOWg&ranMID=2417&ranSiteID=QFGLnEolOWg-2ZyknLvNXZmousu1FzY2Yg&ranLinkID=15-1&browserdefault=true,2016-12-01,4,3
https://www.buzzfeed.com/ikrd/this-teen-accidentally-spent-733-at-sephora-on-her-mothers-c?utm_term=.vh2NmDaZe#.ql23xPdLE,2016-12-01,4,3
http://www.glamour.com/story/a-pennsylvania-teen-accidentally-charged-733-of-sephora-to-her-moms-credit-card,2016-12-01,4,3
http://rstyle.me/n/bm8b6hxmd,2016-12-01,4,3
http://www.sephora.com/ultimate-sun-protection-lotion-broad-spectrum-spf-50-wetforce-for-face-body-P393074?skuId=1684729&icid2=category%20search_skin%20care:sun%20care:face%20sunscreen_p393074_image&om_mmc=aff-linkshare-redirect-QFGLnEolOWg&c3ch=Linkshare&c3nid=QFGLnEolOWg&affid=QFGLnEolOWg-2ZyknLvNXZmousu1FzY2Yg&ranEAID=QFGLnEolOWg&ranMID=2417&ranSiteID=QFGLnEolOWg-2ZyknLvNXZmousu1FzY2Yg&ranLinkID=15-1&browserdefault=true,2016-12-01,4,3
http://www.sephora.com/affiliates.jsp?site=linkshare&url=http%3A%2F%2Fwww.sephora.com%2Fultimate%2Dsun%2Dprotection%2Dlotion%2Dbroad%2Dspectrum%2Dspf%2D50%2Dwetforce%2Dfor%2Dface%2Dbody%2DP393074%3FskuId%3D1684729%26icid2%3Dcategory%2520search%5Fskin%2520care%3Asun%2520care%3Aface%2520sunscreen%5Fp393074%5Fimage%26om_mmc%3Daff-linkshare-redirect-QFGLnEolOWg%26c3ch%3DLinkshare%26c3nid%3DQFGLnEolOWg%26affid%3DQFGLnEolOWg-2ZyknLvNXZmousu1FzY2Yg%26ranEAID%3DQFGLnEolOWg%26ranMID%3D2417%26ranSiteID%3DQFGLnEolOWg-2ZyknLvNXZmousu1FzY2Yg%26ranLinkID%3D15-1%26browserdefault%3Dtrue&siteID=QFGLnEolOWg-2ZyknLvNXZmousu1FzY2Yg,2016-12-01,4,3
http://rstyle.me/n/bm6qnmxmd,2016-12-01,4,3
http://www.glamour.com/story/jane-keltner-de-valle-on-the-it-bag-trend,2016-12-01,4,3
http://www.glamour.com/story/a-pennsylvania-teen-accidentally-charged-733-of-sephora-to-her-moms-credit-card,2016-12-01,4,3
http://www.sephora.com/cicapair-tiger-grass-color-correcting-treatment-spf-30-P411540?om_mmc=aff-linkshare-redirect-TnL5HPStwNw&c3ch=Linkshare&c3nid=TnL5HPStwNw&affid=TnL5HPStwNw-MHeZJh2RUeMb0e4PAK31Jw&ranEAID=TnL5HPStwNw&ranMID=2417&ranSiteID=TnL5HPStwNw-MHeZJh2RUeMb0e4PAK31Jw&ranLinkID=10-1&browserdefault=true,2016-12-01,4,3
http://www.sephora.com/cicapair-tiger-grass-color-correcting-treatment-spf-30-P411540?om_mmc=aff-linkshare-redirect-TnL5HPStwNw&c3ch=Linkshare&c3nid=TnL5HPStwNw&affid=TnL5HPStwNw-MHeZJh2RUeMb0e4PAK31Jw&ranEAID=TnL5HPStwNw&ranMID=2417&ranSiteID=TnL5HPStwNw-MHeZJh2RUeMb0e4PAK31Jw&ranLinkID=10-1&browserdefault=true,2016-12-01,4,3
http://www.sephora.com/affiliates.jsp?site=linkshare&url=http%3A%2F%2Fwww.sephora.com%2Fcicapair%2Dtiger%2Dgrass%2Dcolor%2Dcorrecting%2Dtreatment%2Dspf%2D30%2DP411540%3Fom_mmc%3Daff-linkshare-redirect-TnL5HPStwNw%26c3ch%3DLinkshare%26c3nid%3DTnL5HPStwNw%26affid%3DTnL5HPStwNw-MHeZJh2RUeMb0e4PAK31Jw%26ranEAID%3DTnL5HPStwNw%26ranMID%3D2417%26ranSiteID%3DTnL5HPStwNw-MHeZJh2RUeMb0e4PAK31Jw%26ranLinkID%3D10-1%26browserdefault%3Dtrue&siteID=TnL5HPStwNw-MHeZJh2RUeMb0e4PAK31Jw,2016-12-01,4,3
http://www.glamour.com/story/dr-jart-cicapair-tiger-grass-color-correcter-review?mbid=social_pinterest_referral,2016-12-01,4,3
http://www.sephora.com/bath-gift-sets,2016-12-01,4,3
http://www.sephora.com/bath-gift-sets,2016-12-01,4,3
http://www.sephora.com/?om_mmc=oth-tum,2016-12-01,4,3
http://theglossy.sephora.com/articles/1868/character-study-pat-mcgrath?stm_cat=News&stm_prods=yes&stm_type=image,2016-12-01,4,3
http://theglossy.sephora.com/articles/944/mom-gift-guide-%3Fstm_cat%3DNews,2016-12-01,4,3
http://theglossy.sephora.com/articles/944/mom-gift-guide-%3Fstm_cat%3DNews,2016-12-01,4,3
http://www.sephora.com/search/saleResults.jsp?keyword=Sale&topNav=true&sale=true&node=1050077,2016-12-01,4,3
http://www.sephora.com/search/saleResults.jsp?keyword=Sale&topNav=true&sale=true&node=1050077,2016-12-01,4,3
http://www.sephora.com/search/saleResults.jsp?keyword=Sale&topNav=true,2016-12-01,4,3
http://www.sephora.com/bath-set-gifts,2016-12-01,4,3
http://www.sephora.com/bath-set-gifts,2016-12-01,4,3
http://www.sephora.com/gifts-for-her,2016-12-01,4,3
http://www.sephora.com/gifts-for-her,2016-12-01,4,3
http://www.sephora.com/,2016-12-01,4,3
http://www.sephora.com/,2016-12-01,4,3
https://www.yelp.com/map/sabrinas-cafe-philadelphia-29?start=barnes%20foundation&mode=walking,2016-12-01,4,3
https://www.yelp.com/nyc,2016-12-01,4,3
https://www.yelp.com/nyc,2016-12-01,4,3
https://www.yelp.com/biz/anna-inspiring-jewellery-manhattan,2016-12-01,4,3
https://www.yelp.com/biz/anna-inspiring-jewellery-manhattan,2016-11-30,5,2
https://www.yelp.com/biz/anna-inspiring-jewellery-manhattan,2016-11-30,5,2
https://www.yelp.com/biz/anna-inspiring-jewellery-manhattan,2016-11-30,5,2
https://www.yelp.com/biz/anna-inspiring-jewellery-manhattan,2016-11-30,5,2
http://www.nytimes.com/2016/11/29/us/politics/steven-terner-mnuchin-trump-treasury-secretary.html?smid=tw-share,2016-11-30,5,2
http://www.nytimes.com/2016/11/29/us/politics/steven-terner-mnuchin-trump-treasury-secretary.html?smid=tw-share,2016-11-30,5,2
http://www.nytimes.com/2016/11/29/us/politics/steven-terner-mnuchin-trump-treasury-secretary.html?hp&action=click&pgtype=Homepage&clickSource=story-heading&module=a-lede-package-region&region=top-news&WT.nav=top-news,2016-11-30,5,2
http://www.temptalia.com/urban-decay-247-glide-on-eye-pencil-discontinued-shades-with-comparison-swatches/,2016-11-29,6,1
http://www.temptalia.com/urban-decay-247-glide-on-eye-pencil-discontinued-shades-with-comparison-swatches/,2016-11-29,6,1
http://www.temptalia.com/urban-decay-247-glide-on-eye-pencil-discontinued-shades-with-comparison-swatches/,2016-11-29,6,1
https://www.google.com/search?q=clinique+broadest+berry&espv=2&biw=1245&bih=636&source=lnms&tbm=isch&sa=X&ved=0ahUKEwix-Pu-is_QAhWHjlQKHZJ-BbMQ_AUIBigB#imgdii=YXLzCc6CtqjrUM%3A%3BYXLzCc6CtqjrUM%3A%3BTU5AUUXhV0wesM%3A&imgrc=YXLzCc6CtqjrUM%3A,2016-11-29,6,1
https://www.google.com/search?q=clinique+broadest+berry&espv=2&biw=1245&bih=636&source=lnms&tbm=isch&sa=X&ved=0ahUKEwix-Pu-is_QAhWHjlQKHZJ-BbMQ_AUIBigB#imgrc=YXLzCc6CtqjrUM%3A,2016-11-29,6,1
http://www.sephora.com/chubby-stick-moisturizing-lip-colour-balm-P279113?skuId=1307875,2016-11-29,6,1
https://www.google.com/search?q=clinique+broadest+berry&espv=2&biw=1245&bih=636&source=lnms&tbm=isch&sa=X&ved=0ahUKEwix-Pu-is_QAhWHjlQKHZJ-BbMQ_AUIBigB#imgrc=YXLzCc6CtqjrUM%3A,2016-11-29,6,1
https://www.google.com/search?q=clinique+broadest+berry&espv=2&biw=1245&bih=636&source=lnms&tbm=isch&sa=X&ved=0ahUKEwix-Pu-is_QAhWHjlQKHZJ-BbMQ_AUIBigB,2016-11-29,6,1
http://www.sephora.com/product/productNotCarried.jsp,2016-11-29,6,1
http://www.sephora.com/purchase-history,2016-11-29,6,1
https://www.sephora.com/basket/basket.jsp,2016-11-29,6,1
https://www.makeupalley.com/product/showreview.asp/ItemId=127186/AgeRange=4/SkinToneType=/Ultra-Repair-Cream/First-Aid-Beauty/Moisturizers,2016-11-29,6,1
https://www.makeupalley.com/product/showreview.asp/ItemId=127186/Ultra-Repair-Cream/First-Aid-Beauty/Moisturizers,2016-11-29,6,1
https://www.sephora.com/basket/basket.jsp,2016-11-29,6,1
https://www.sephora.com/basket/basket.jsp,2016-11-29,6,1
http://www.sephora.com/,2016-11-29,6,1
http://www.sephora.com/,2016-11-29,6,1
https://www.google.com/search?q=fuller+fig+vs+rich+raisin&espv=2&biw=2133&bih=1055&tbm=isch&imgil=pXDQVAnUfmIDkM%253A%253Byhf5cA1BNFMLdM%253Bhttp%25253A%25252F%25252Fkarlasugar.net%25252F2011%25252F01%25252Fclinique-chubby-stick-moisturizing-lip-colour-balm%25252F&source=iu&pf=m&fir=pXDQVAnUfmIDkM%253A%252Cyhf5cA1BNFMLdM%252C_&usg=__pv1OyoMZB9gmRzMXvOXxLLnFOZA%3D&dpr=0.9&ved=0ahUKEwiTreijws7QAhVB4CYKHVOoCowQyjcIKA&ei=h749WNPNCsHAmwHT0KrgCA#imgrc=TQ06CsCq7v1YUM%3A,2016-11-29,6,1
http://thenotice.net/2010/12/cliniques-chubby-sticks-are-back-and-better-than-ever/,2016-11-29,6,1
http://thenotice.net/2010/12/cliniques-chubby-sticks-are-back-and-better-than-ever/,2016-11-29,6,1
http://www.musingsofamuse.com/2012/12/clinique-chubby-stick-intense-moisturizing-lip-colour-balm-review-swatches.html,2016-11-29,6,1
https://www.google.com/url?sa=i&rct=j&q=&esrc=s&source=images&cd=&ved=0ahUKEwiTh9njxM7QAhXHQiYKHYajC3AQjhwIBQ&url=http%3A%2F%2Fthenotice.net%2F2010%2F12%2Fcliniques-chubby-sticks-are-back-and-better-than-ever%2F&psig=AFQjCNElS25YygjXzBPTaE-LkvqaPV6g1A&ust=1480528499086821,2016-11-29,6,1
https://www.google.com/url?sa=i&rct=j&q=&esrc=s&source=images&cd=&ved=0ahUKEwiTh9njxM7QAhXHQiYKHYajC3AQjhwIBQ&url=http%3A%2F%2Fthenotice.net%2F2010%2F12%2Fcliniques-chubby-sticks-are-back-and-better-than-ever%2F&psig=AFQjCNElS25YygjXzBPTaE-LkvqaPV6g1A&ust=1480528499086821,2016-11-29,6,1
https://www.google.com/url?sa=i&rct=j&q=&esrc=s&source=images&cd=&ved=0ahUKEwiTh9njxM7QAhXHQiYKHYajC3AQjhwIBQ&url=http%3A%2F%2Fthenotice.net%2F2010%2F12%2Fcliniques-chubby-sticks-are-back-and-better-than-ever%2F&psig=AFQjCNElS25YygjXzBPTaE-LkvqaPV6g1A&ust=1480528499086821,2016-11-29,6,1
http://www.musingsofamuse.com/2012/12/clinique-chubby-stick-intense-moisturizing-lip-colour-balm-review-swatches.html,2016-11-29,6,1
https://www.google.com/url?sa=i&rct=j&q=&esrc=s&source=images&cd=&ved=0ahUKEwizjaPVxM7QAhUC2SYKHVdFCToQjhwIBQ&url=http%3A%2F%2Fwww.musingsofamuse.com%2F2012%2F12%2Fclinique-chubby-stick-intense-moisturizing-lip-colour-balm-review-swatches.html&psig=AFQjCNElS25YygjXzBPTaE-LkvqaPV6g1A&ust=1480528499086821,2016-11-29,6,1
https://www.google.com/url?sa=i&rct=j&q=&esrc=s&source=images&cd=&ved=0ahUKEwizjaPVxM7QAhUC2SYKHVdFCToQjhwIBQ&url=http%3A%2F%2Fwww.musingsofamuse.com%2F2012%2F12%2Fclinique-chubby-stick-intense-moisturizing-lip-colour-balm-review-swatches.html&psig=AFQjCNElS25YygjXzBPTaE-LkvqaPV6g1A&ust=1480528499086821,2016-11-29,6,1
http://www.musingsofamuse.com/2011/01/clinique-chubby-moisturizing-lip-colour-balm-review-swatches-photos.html,2016-11-29,6,1
https://www.google.com/search?q=fuller+fig+vs+rich+raisin&espv=2&biw=2133&bih=1055&tbm=isch&imgil=pXDQVAnUfmIDkM%253A%253Byhf5cA1BNFMLdM%253Bhttp%25253A%25252F%25252Fkarlasugar.net%25252F2011%25252F01%25252Fclinique-chubby-stick-moisturizing-lip-colour-balm%25252F&source=iu&pf=m&fir=pXDQVAnUfmIDkM%253A%252Cyhf5cA1BNFMLdM%252C_&usg=__pv1OyoMZB9gmRzMXvOXxLLnFOZA%3D&dpr=0.9&ved=0ahUKEwiTreijws7QAhVB4CYKHVOoCowQyjcIKA&ei=h749WNPNCsHAmwHT0KrgCA#imgrc=TQ06CsCq7v1YUM%3A,2016-11-29,6,1
https://www.google.com/url?sa=i&rct=j&q=&esrc=s&source=images&cd=&ved=0ahUKEwju9rO3xM7QAhVTgiYKHQDKAYcQjhwIBQ&url=http%3A%2F%2Fwww.musingsofamuse.com%2F2011%2F01%2Fclinique-chubby-moisturizing-lip-colour-balm-review-swatches-photos.html&psig=AFQjCNHSrVtERR12-RyBS83Egi03CjQ8VA&ust=1480527914584279,2016-11-29,6,1
https://www.google.com/url?sa=i&rct=j&q=&esrc=s&source=images&cd=&ved=0ahUKEwju9rO3xM7QAhVTgiYKHQDKAYcQjhwIBQ&url=http%3A%2F%2Fwww.musingsofamuse.com%2F2011%2F01%2Fclinique-chubby-moisturizing-lip-colour-balm-review-swatches-photos.html&psig=AFQjCNHSrVtERR12-RyBS83Egi03CjQ8VA&ust=1480527914584279,2016-11-29,6,1
https://www.google.com/search?q=fuller+fig+vs+rich+raisin&espv=2&biw=2133&bih=1055&tbm=isch&imgil=pXDQVAnUfmIDkM%253A%253Byhf5cA1BNFMLdM%253Bhttp%25253A%25252F%25252Fkarlasugar.net%25252F2011%25252F01%25252Fclinique-chubby-stick-moisturizing-lip-colour-balm%25252F&source=iu&pf=m&fir=pXDQVAnUfmIDkM%253A%252Cyhf5cA1BNFMLdM%252C_&usg=__pv1OyoMZB9gmRzMXvOXxLLnFOZA%3D&dpr=0.9&ved=0ahUKEwiTreijws7QAhVB4CYKHVOoCowQyjcIKA&ei=h749WNPNCsHAmwHT0KrgCA#imgrc=TQ06CsCq7v1YUM%3A,2016-11-29,6,1
https://www.google.com/search?q=fuller+fig+vs+rich+raisin&espv=2&biw=2133&bih=1055&tbm=isch&imgil=pXDQVAnUfmIDkM%253A%253Byhf5cA1BNFMLdM%253Bhttp%25253A%25252F%25252Fkarlasugar.net%25252F2011%25252F01%25252Fclinique-chubby-stick-moisturizing-lip-colour-balm%25252F&source=iu&pf=m&fir=pXDQVAnUfmIDkM%253A%252Cyhf5cA1BNFMLdM%252C_&usg=__pv1OyoMZB9gmRzMXvOXxLLnFOZA%3D&dpr=0.9&ved=0ahUKEwiTreijws7QAhVB4CYKHVOoCowQyjcIKA&ei=h749WNPNCsHAmwHT0KrgCA#imgrc=pXDQVAnUfmIDkM%3A,2016-11-29,6,1
https://www.google.com/search?q=fuller+fig+vs+rich+raisin&espv=2&biw=2133&bih=1055&tbm=isch&imgil=pXDQVAnUfmIDkM%253A%253Byhf5cA1BNFMLdM%253Bhttp%25253A%25252F%25252Fkarlasugar.net%25252F2011%25252F01%25252Fclinique-chubby-stick-moisturizing-lip-colour-balm%25252F&source=iu&pf=m&fir=pXDQVAnUfmIDkM%253A%252Cyhf5cA1BNFMLdM%252C_&usg=__pv1OyoMZB9gmRzMXvOXxLLnFOZA%3D&dpr=0.9&ved=0ahUKEwiTreijws7QAhVB4CYKHVOoCowQyjcIKA&ei=h749WNPNCsHAmwHT0KrgCA#imgrc=pXDQVAnUfmIDkM%3A,2016-11-29,6,1
http://www.nytimes.com/?WT.z_jog=1&hF=t&vS=undefined,2016-11-29,6,1
http://www.nytimes.com/?WT.z_jog=1&hF=t&vS=undefined,2016-11-29,6,1
http://www.nytimes.com/,2016-11-29,6,1
http://www.cnn.com/2016/11/28/asia/japan-frozen-fish-rink-trnd/,2016-11-29,6,1
http://www.nytimes.com/,2016-11-29,6,1
http://www.sephora.com/chubby-stick-moisturizing-lip-colour-balm-P279113,2016-11-29,6,1
http://www.sephora.com/ultra-repair-cream-intense-hydration-P248407?skuId=1670736&icid2=first_aid_beauty_bestsellers_carousel2_us%3Ap248407,2016-11-29,6,1
http://www.sephora.com/first-aid-beauty?icid2=product_link_brand,2016-11-29,6,1
http://www.sephora.com/fab-faves-to-go-kit-P374504?skuId=1417831&icid2=first_aid_beauty_bestsellers_carousel2_us:p374504,2016-11-29,6,1
http://www.sephora.com/first-aid-beauty?icid2=product_link_brand,2016-11-29,6,1
http://www.sephora.com/ultra-repair-cream-intense-hydration-P248407?skuId=1217744&icid2=first_aid_beauty_bestsellers_carousel2_us:p248407,2016-11-29,6,1
http://www.sephora.com/first-aid-beauty?icid2=product_link_brand,2016-11-29,6,1
http://www.sephora.com/fab-delights-P412034?skuId=1851187,2016-11-29,6,1
http://www.sephora.com/shopping-list,2016-11-29,6,1
https://www.sephora.com/basket/basket.jsp,2016-11-29,6,1
http://www.sephora.com/24-7-glide-on-eye-pencil-P133707?skuId=1051341,2016-11-29,6,1
http://www.sephora.com/24-7-glide-on-eye-pencil-P133707?skuId=1498823,2016-11-29,6,1
http://www.sephora.com/purchase-history,2016-11-29,6,1
http://www.sephora.com/shopping-list,2016-11-29,6,1
https://www.sephora.com/basket/basket.jsp,2016-11-29,6,1
http://www.sephora.com/,2016-11-29,6,1
http://www.sephora.com/,2016-11-29,6,1
http://www.sephora.com/,2016-11-29,6,1
http://www.sephora.com/,2016-11-29,6,1
http://www.sephora.com/,2016-11-29,6,1
http://www.instyle.com/beauty/eyes/best-eyeliners-your-eye-color,2016-11-29,6,1
http://www.instyle.com/beauty/eyes/best-eyeliners-your-eye-color,2016-11-29,6,1
http://www.instyle.com/beauty/eyes/best-eyeliners-your-eye-color,2016-11-29,6,1
http://ship.sephora.com/tracking/sephora/ups?dzip=10014&country=US&lang=EN&tracking_numbers=1Z849EW10353961142,2016-11-28,7,0
https://www.yelp.com/biz/amour-vert-san-francisco,2016-11-28,7,0
https://www.wired.com/2015/02/instant-read-thermometers/,2016-11-28,7,0
https://www.wired.com/2015/02/instant-read-thermometers/,2016-11-28,7,0
https://www.wired.com/2015/02/instant-read-thermometers/,2016-11-28,7,0
http://rstyle.me/n/d53ggxmd,2016-11-28,7,0
http://www.sephora.com/hypnose-drama-instant-full-body-volume-mascara-P244006,2016-11-28,7,0
http://www.sephora.com/hypnose-drama-instant-full-body-volume-mascara-P244006,2016-11-28,7,0
http://www.sephora.com/hypnose-drama-instant-full-body-volume-mascara-P244006,2016-11-28,7,0
http://www.sephora.com/hypnose-drama-instant-full-body-volume-mascara-P244006,2016-11-28,7,0
http://rstyle.me/n/b6why9yk9n,2016-11-28,7,0
http://ship.sephora.com/tracking/sephora/ups?dzip=10014&country=US&lang=EN&tracking_numbers=1Z849EW10353961142,2016-11-28,7,0
http://ship.sephora.com/tracking/sephora/ups?dzip=10014&country=US&lang=EN&tracking_numbers=1Z849EW10353961142,2016-11-28,7,0
index=2,user_id=50899,Time Difference,Weight
http://www.clinique.com/checkout/viewcart.tmpl,2016-12-12,0,7
http://www.ulta.com/clinique-men-moisturizing-lotion?productId=xlsImpprod6470045,2016-12-12,0,7
http://www.clinique.com/products/1626/mens/skincare/moisturize-protect,2016-12-12,0,7
http://www.clinique.com/offers/?&cm_mmc=Paid_Search-_-Google-_-Brand_Product-_-clinique%20for%20men%20moisturizing%20lotion,2016-12-12,0,7
https://www.google.com/search?q=Clinique+For+Men+Moisturizing+Lotion&oq=Clinique+For+Men+Moisturizing+Lotion&aqs=chrome..69i57j69i60.146j0j7&sourceid=chrome&ie=UTF-8,2016-12-12,0,7
http://www.clinique.com/products/13566/holiday-2016/gift-sets,2016-12-12,0,7
http://www.clinique.com/offers/?&cm_mmc=Paid_Search-_-Google-_-Brand_Product-_-clinique%20for%20men%20moisturizing%20lotion,2016-12-12,0,7
http://www.clinique.com/product/1626/29576/mens/skincare/moisturize-protect/clinique-for-men-moisturizing-lotion,2016-12-12,0,7
http://www.clinique.com/products/1626/mens/skincare/moisturize-protect,2016-12-12,0,7
http://www.clinique.com/smartrewards#points_perks,2016-12-12,0,7
http://www.clinique.com/offers/?&cm_mmc=Paid_Search-_-Google-_-Brand_Product-_-clinique%20for%20men%20moisturizing%20lotion,2016-12-12,0,7
https://www.google.com/search?q=Clinique+For+Men+Moisturizing+Lotion&oq=Clinique+For+Men+Moisturizing+Lotion&aqs=chrome..69i57j69i60.146j0j7&sourceid=chrome&ie=UTF-8,2016-12-12,0,7
http://www.ulta.com/clinique-men-moisturizing-lotion?productId=xlsImpprod6470045,2016-12-12,0,7
http://www.ulta.com/clinique-men-essentials-kit?productId=xlsImpprod10651098,2016-12-12,0,7
http://www.ulta.com/clinique-men-essentials-kit?productId=xlsImpprod10651098,2016-12-12,0,7
http://v2.decipherinc.com/survey/selfserve/e51/161122#*,2016-12-12,0,7
http://v2.decipherinc.com/survey/selfserve/e51/161122#),2016-12-12,0,7
http://v2.decipherinc.com/survey/selfserve/e51/161122#',2016-12-12,0,7
http://v2.decipherinc.com/survey/selfserve/e51/161122#&,2016-12-12,0,7
http://v2.decipherinc.com/survey/selfserve/e51/161122#$,2016-12-12,0,7
http://v2.decipherinc.com/survey/selfserve/e51/161122?list=2#?,2016-12-12,0,7
http://v2.decipherinc.com/survey/selfserve/e51/161122?list=2#?,2016-12-12,0,7
http://www.glamour.com/gallery/winter-boots?mbid=nl_120816_Monthly_glamourgram&CNDID=11023373&spMailingID=10018192&spUserID=MTMyNTE2ODU5MjQxS0&spJobID=1060764094&spReportId=MTA2MDc2NDA5NAS2,2016-12-09,3,4
http://www.popsugar.com/fashion/LL-Bean-Boots-38601032#photo-38601041,2016-12-09,3,4
http://www.popsugar.com/fashion/LL-Bean-Boots-38601032#photo-38601032,2016-12-09,3,4
https://www.yelp.com/biz/mb-staffing-services-washington?hrid=oiD-ujFwedpz89BxlJbVMA,2016-12-08,4,3
https://www.yelp.com/biz/mb-staffing-services-washington?hrid=oiD-ujFwedpz89BxlJbVMA,2016-12-08,4,3
http://www.refinery29.com/sweeps/ski-trip-2016?utm_medium=boxcopy&utm_source=email&utm_campaign=SelfAllure16,2016-12-08,4,3
http://www.allure.com/story/oy-l-face-cream-review?mbid=nl_skin_blast&CNDID=11023373&spMailingID=10009850&spUserID=MTQ4NDcwMjEzNDM0S0&spJobID=1060662371&spReportId=MTA2MDY2MjM3MQS2,2016-12-08,4,3
http://www.refinery29.com/sweeps/spoonu-gothamist-thrillist-2016/thank-you?utm_source=Spoon+University&utm_medium=email&utm_campaign=51d6eeb09e-EMAIL_CAMPAIGN_2016_11_30&utm_term=0_71726be0ba-51d6eeb09e-99008057,2016-12-06,6,1
http://www.refinery29.com/sweeps/spoonu-gothamist-thrillist-2016?utm_medium=SpoonUDedicated&utm_source=email&utm_campaign=SpoonUGothamistThrillist16&utm_source=Spoon+University&utm_campaign=51d6eeb09e-EMAIL_CAMPAIGN_2016_11_30&utm_medium=email&utm_term=0_71726be0ba-51d6eeb09e-99008057,2016-12-06,6,1
http://www.glamour.com/story/what-age-do-women-go-gray,2016-12-06,6,1
http://www.glamour.com/story/what-age-do-women-go-gray,2016-12-06,6,1
http://www.huffingtonpost.com/2014/03/15/gray-hair-myths-_n_4892577.html,2016-12-06,6,1
http://www.huffingtonpost.com/2014/03/15/gray-hair-myths-_n_4892577.html,2016-12-06,6,1
http://www.huffingtonpost.com/2014/03/15/gray-hair-myths-_n_4892577.html,2016-12-06,6,1
https://weather.com/weather/5day/l/20036:4:US,2016-12-06,6,1
https://weather.com/weather/5day/l/20036:4:US,2016-12-06,6,1
https://weather.com/weather/5day/l/20036:4:US,2016-12-06,6,1
https://weather.com/weather/today/l/20036:4:US,2016-12-06,6,1
index=3,user_id=50072,Time Difference,Weight
https://www.giltcity.com/city/checkout?cart_guid=157a50ea-2dee-46d4-b88a-fe935ccd71e7&url_key=cliniquenationatdec16&sku_id=6907894&is_gift=false,2016-12-28,0,7
https://www.giltcity.com/city/checkout/login?url_key=cliniquenationatdec16&cart_guid=157a50ea-2dee-46d4-b88a-fe935ccd71e7&sku_id=6907894&is_gift=false,2016-12-28,0,7
https://www.giltcity.com/national/cliniquenationatdec16,2016-12-28,0,7
http://www.marieclaire.com/celebrity/a24466/drake-jennifer-lopez-official-instagram/?src=nl&mag=mar&list=nl_mhb_news&date=122816,2016-12-28,0,7
http://www.marieclaire.com/health-fitness/a24390/anna-victoria-no-makeup/,2016-12-28,0,7
http://www.marieclaire.com/health-fitness/g4066/fruit-infused-waters/,2016-12-28,0,7
http://www.marieclaire.com/beauty/news/g4313/best-hand-creams/?src=nl&mag=mar&list=nl_mhb_news&date=122816,2016-12-28,0,7
http://www.refinery29.com/zodiac-beauty-inspiration-december,2016-12-27,1,6
http://www.refinery29.com/2016/12/131537/best-companies-to-work-for-2017?utm_content=weekly&utm_medium=editorial&utm_source=email&utm_campaign=161216-holiday-buyers-remorse-dating-no-makeup-essay#slide,2016-12-27,1,6
https://www.yelp.com/biz/aesthetic-bodyworks-mobile-massage-allentown-2,2016-12-26,2,5
https://www.anthropologie.com/sale-tops,2016-12-26,2,5
https://www.anthropologie.com/sale-tops,2016-12-26,2,5
https://www.anthropologie.com/sale-shoes?page=2,2016-12-26,2,5
https://www.anthropologie.com/sale-tops,2016-12-26,2,5
https://www.anthropologie.com/sale-tops,2016-12-26,2,5
https://www.anthropologie.com/sale-tops,2016-12-26,2,5
https://www.anthropologie.com/shop/latitudes-sweatshirt?category=sale-tops&color=004,2016-12-26,2,5
https://www.anthropologie.com/sale-tops,2016-12-26,2,5
https://www.anthropologie.com/shop/graffito-tee?category=sale-tops&color=049#reviews,2016-12-26,2,5
https://www.anthropologie.com/shop/graffito-tee?category=sale-tops&color=049#reviews,2016-12-26,2,5
https://www.anthropologie.com/shop/graffito-tee?category=sale-tops&color=049,2016-12-26,2,5
https://www.anthropologie.com/sale-tops,2016-12-26,2,5
https://www.anthropologie.com/sale-tops,2016-12-26,2,5
https://www.anthropologie.com/sale-shoes?page=2,2016-12-26,2,5
https://www.anthropologie.com/shop/kupuri-edith-ankle-wrap-heels?color=030&quantity=1&type=REGULAR,2016-12-26,2,5
https://www.anthropologie.com/shop/kupuri-edith-ankle-wrap-heels?category=sale-shoes&color=005,2016-12-26,2,5
https://www.anthropologie.com/sale-shoes?page=2,2016-12-26,2,5
https://www.anthropologie.com/shop/bettye-muller-nightcap-booties?category=sale-shoes&color=040,2016-12-26,2,5
https://www.anthropologie.com/sale-shoes?page=2,2016-12-26,2,5
https://www.anthropologie.com/shop/luiza-perea-patchwork-flats?category=sale-shoes&color=090,2016-12-26,2,5
https://www.anthropologie.com/shop/luiza-perea-patchwork-flats?category=sale-shoes&color=090,2016-12-26,2,5
https://www.anthropologie.com/sale-shoes?page=2,2016-12-26,2,5
https://www.anthropologie.com/sale-shoes,2016-12-26,2,5
https://www.anthropologie.com/sale-shoes,2016-12-26,2,5
https://www.anthropologie.com/shop/all-black-colorblock-fold-back-booties?category=sale-shoes&color=025,2016-12-26,2,5
https://www.anthropologie.com/sale-shoes,2016-12-26,2,5
https://www.anthropologie.com/shop/luiza-perea-patchwork-ankle-booties?category=sale-shoes&color=090,2016-12-26,2,5
https://www.anthropologie.com/sale-shoes,2016-12-26,2,5
https://www.anthropologie.com/sale-shoes,2016-12-26,2,5
https://www.anthropologie.com/,2016-12-26,2,5
https://www.anthropologie.com/sale-shoes,2016-12-26,2,5
http://www.huffingtonpost.com/,2016-12-26,2,5
http://www.huffingtonpost.com/,2016-12-26,2,5
http://www.huffingtonpost.com/,2016-12-25,3,4
http://www.marieclaire.com/food-cocktails/a24417/starbucks-free-espresso-giveaway-2016/?src=nl&mag=mar&list=nl_mhb_news&date=090116,2016-12-24,4,3
http://www.marieclaire.com/food-cocktails/a24417/starbucks-free-espresso-giveaway-2016/?src=nl&mag=mar&list=nl_mhb_news&date=090116,2016-12-24,4,3
http://www.apartmenttherapy.com/gift-ideas-for-someone-who-loves-to-entertain-238213,2016-12-23,5,2
http://www.apartmenttherapy.com/10-things-men-dont-understand-about-home-decor-237939?utm_medium=email&utm_campaign=AT%20Daily%20122316%20-%2010%20Decor%20Items%20Men%20Just%20Dont%20Understand&utm_content=AT%20Daily%20122316%20-%2010%20Decor%20Items%20Men%20Just%20Dont%20Understand+CID_817bb4ade9690fa473075cfebc6b5abb&utm_source=email_newsletter&utm_term=10%20Decor%20Items%20Men%20Just%20Dont%20Understand,2016-12-23,5,2
http://www.apartmenttherapy.com/10-things-men-dont-understand-about-home-decor-237939?utm_medium=email&utm_campaign=AT%20Daily%20122316%20-%2010%20Decor%20Items%20Men%20Just%20Dont%20Understand&utm_content=AT%20Daily%20122316%20-%2010%20Decor%20Items%20Men%20Just%20Dont%20Understand+CID_817bb4ade9690fa473075cfebc6b5abb&utm_source=email_newsletter&utm_term=10%20Decor%20Items%20Men%20Just%20Dont%20Understand,2016-12-23,5,2
http://www.huffingtonpost.com/,2016-12-23,5,2
http://www.huffingtonpost.com/,2016-12-23,5,2
http://www.marieclaire.com/fashion/news/a24300/mon-purse-launch/,2016-12-22,6,1
http://www.marieclaire.com/fashion/news/a24300/mon-purse-launch/,2016-12-22,6,1
http://www.elfyourself.com/,2016-12-22,6,1
http://www.zillow.com/homes/for_sale/fsba,fsbo,new_lt/condo,apartment_duplex,townhouse_type/950-2500_size/0-300_hoa/mostrecentchange_sort/40.944282,-74.117589,40.89045,-74.181276_rect/13_zm/X1.dash.SS1n95pqgb3ubd7_5rw5j_sse/0_mmm/,2016-12-22,6,1
http://www.huffingtonpost.com/entry/mitch-mcconnell-machiavelli-2016_us_58519c78e4b0e411bfd50d1a,2016-12-21,7,0
http://www.huffingtonpost.com/,2016-12-21,7,0
