index=0,user_id=50644,Time Difference,Weight,Shopping Cart,Search,Shop,Coupon,Review,Publisher,,
https://www.clinique.com/customer_service/contact_us_thanks.tmpl,9/29/2016,0,7,0,0,0,0,0,0,,
https://www.clinique.com/customer_service/contact_us.tmpl,9/29/2016,0,7,0,0,0,0,0,0,,
http://www.clinique.com/customer-care/help-topics,9/29/2016,0,7,0,0,0,0,0,0,,
http://www.clinique.com/products/12794/3-step/combination-oily-type-3,9/29/2016,0,7,0,0,1,0,0,0,,
https://www.google.com/url?sa=t&rct=j&q=&esrc=s&source=web&cd=1&ved=0ahukewij18fc-btpahvdbz4khuxhcruqfgjaataa&url=http%3a%2f%2fwww.clinique.com%2fproducts%2f12794%2f3-step%2fcombination-oily-type-3&usg=afqjcngor9time9yq1nqschgl6ngz8okca&sig2=klllfmr7eoslydvfdw5ayg,9/29/2016,0,7,0,1,1,0,0,0,,
https://www.google.com/search?q=clinique+for+oily+sensitive+skin&oq=clinique+oily+sensit&aqs=chrome.1.69i57j0l3.5695j0j4&sourceid=chrome&ie=utf-8,9/29/2016,0,7,0,1,0,0,0,0,,
http://www.allure.com/review/clinique-liquid-facial-soap-oily-skin,9/29/2016,0,7,0,0,0,0,0,1,,
http://www.allure.com/gallery/best-face-washes-for-oily-skin,9/29/2016,0,7,0,0,0,0,0,1,,
http://www.acne.org/messageboard/topic/322030-any-recommendations-for-a-gentle-face-wash/,9/29/2016,0,7,0,0,0,0,0,1,,
http://www.acne.org/messageboard/topic/322030-any-recommendations-for-a-gentle-face-wash/,9/29/2016,0,7,0,0,0,0,0,1,,
http://www.acne.org/messageboard/topic/322030-any-recommendations-for-a-gentle-face-wash/,9/29/2016,0,7,0,0,0,0,0,1,,
http://www.allure.com/gallery/best-face-washes-for-oily-skin,9/29/2016,0,7,0,0,0,0,0,1,,
http://www.acne.org/messageboard/topic/322030-any-recommendations-for-a-gentle-face-wash/,9/29/2016,0,7,0,0,0,0,0,1,,
http://www.acne.org/messageboard/topic/322030-any-recommendations-for-a-gentle-face-wash/,9/29/2016,0,7,0,0,0,0,0,1,,
http://www.acne.org/messageboard/topic/322030-any-recommendations-for-a-gentle-face-wash/,9/29/2016,0,7,0,0,0,0,0,1,,
http://www.everydayhealth.com/drugs/prednisone,9/29/2016,0,7,0,0,0,0,0,0,,
http://www.housebeautiful.com/room-decorating/colors/g627/paint-color-ideas/?slide=14&mag=hbu&list=nl_hbn_news&src=nl&date=092816,9/28/2016,1,6,0,0,0,0,0,0,,
http://www.cosmopolitan.com/entertainment/a3914882/david-beckham-lookalike-debt/?mag=cos&list=nl_chg_news&src=nl&date=090116,9/28/2016,1,6,0,0,0,0,0,1,,
http://www.housebeautiful.com/room-decorating/colors/g627/paint-color-ideas/?slide=10&mag=hbu&list=nl_hbn_news&src=nl&date=092816,9/28/2016,1,6,0,0,0,0,0,0,,
http://www.cosmopolitan.com/entertainment/a3914882/david-beckham-lookalike-debt/?mag=cos&list=nl_chg_news&src=nl&date=090116,9/28/2016,1,6,0,0,0,0,0,1,,
http://www.housebeautiful.com/room-decorating/colors/g627/paint-color-ideas/?mag=hbu&list=nl_hbn_news&src=nl&date=092816,9/28/2016,1,6,0,0,0,0,0,0,,
http://www.housebeautiful.com/room-decorating/colors/g627/paint-color-ideas/?mag=hbu&list=nl_hbn_news&src=nl&date=092816,9/28/2016,1,6,0,0,0,0,0,0,,
http://www.jcpenney.com/hempz-original-herbal-shampoo-for-damaged-color-treated-hair-33-oz/prod.jump?ppid=pp5007230174&cm_mmc=affiliates-_-j84dhjlqkr4-_-1-_-10&utm_medium=affiliate&utm_source=j84dhjlqkr4&utm_campaign=1&utm_content=10&siteid=j84dhjlqkr4-gunhxh1sg8lda%2fx056u3fq,9/28/2016,1,6,0,0,0,0,0,0,,
http://www.jcpenney.com/hempz-original-herbal-shampoo-for-damaged-color-treated-hair-33-oz/prod.jump?ppid=pp5007230174&cm_mmc=affiliates-_-j84dhjlqkr4-_-1-_-10&utm_medium=affiliate&utm_source=j84dhjlqkr4&utm_campaign=1&utm_content=10&siteid=j84dhjlqkr4-bioduydd2ruacouyfosxfa,9/28/2016,1,6,0,0,0,0,0,0,,
http://www.cosmopolitan.com/entertainment/celebs/a3919465/courteney-cox-jennifer-aniston-brangelina-divorce/?mag=cos&list=nl_chg_news&src=nl&date=090116,9/28/2016,1,6,0,0,0,0,0,1,,
http://www.cosmopolitan.com/entertainment/a3917926/brad-pitt-skips-film-premiere-voyage-of-time-statement/?mag=cos&list=nl_chg_news&src=nl&date=090116,9/28/2016,1,6,0,0,0,0,0,1,,
http://www.cosmopolitan.com/entertainment/a3917926/brad-pitt-skips-film-premiere-voyage-of-time-statement/?mag=cos&list=nl_chg_news&src=nl&date=090116,9/28/2016,1,6,0,0,0,0,0,1,,
http://www.cosmopolitan.com/entertainment/celebs/a3620129/brad-pitt-child-abuse-investigation-angelina-jolie/,9/28/2016,1,6,0,0,0,0,0,1,,
http://www.cosmopolitan.com/entertainment/a3917926/brad-pitt-skips-film-premiere-voyage-of-time-statement/?mag=cos&list=nl_chg_news&src=nl&date=090116,9/28/2016,1,6,0,0,0,0,0,1,,
http://www.webmd.com/women/home-health-and-safety-9/color-psychology?page=2,9/28/2016,1,6,0,0,0,0,0,0,,
http://www.webmd.com/women/home-health-and-safety-9/color-psychology?page=2,9/28/2016,1,6,0,0,0,0,0,0,,
http://www.webmd.com/women/home-health-and-safety-9/color-psychology,9/28/2016,1,6,0,0,0,0,0,0,,
http://www.zillow.com/digs/duels/?duel_id=57167895b1bbaa050fa2cf06,9/28/2016,1,6,0,0,0,0,0,0,,
http://www.zillow.com/digs/bedrooms/new/?email_image_ids=5443448380,9/28/2016,1,6,0,0,0,0,0,0,,
http://www.zillow.com/digs/bedrooms/new/?email_image_ids=5443448380,9/28/2016,1,6,0,0,0,0,0,0,,
index=1,user_id=50363,Time Difference,Weight,0,0,0,0,0,0,,
https://www.giltcity.com/city/checkout/login?url_key=cliniquenationatdec16&cart_guid=ddd4e800-8a30-4808-a6a9-d2fb6b6d631f&sku_id=6907894&is_gift=false,12/5/2016,0,7,1,0,0,1,0,0,,
https://www.giltcity.com/newyork/cliniquenationatdec16?utm_medium=email&utm_term=4786623&utm_source=city&utm_campaign=newyorkweeklydec-785175032-new%20york&e=zg5hz2lybdc2qghvdg1hawwuy29t&utm_content=cliniquenationatdec16,12/5/2016,0,7,0,0,0,1,0,0,,
https://www.giltcity.com/newyork/cliniquenationatdec16?utm_medium=email&utm_term=4786623&utm_source=city&utm_campaign=newyorkweeklydec-785175032-new%20york&e=zg5hz2lybdc2qghvdg1hawwuy29t&utm_content=cliniquenationatdec16,12/5/2016,0,7,0,0,0,1,0,0,,
https://www.yelp.com/user_details?userid=atcqiikeavrjb0abl6kj8a,12/5/2016,0,7,0,0,0,0,0,0,,
https://www.yelp.com/user_details?userid=atcqiikeavrjb0abl6kj8a,12/5/2016,0,7,0,0,0,0,0,0,,
https://www.yelp.com/biz/verameat-jewelry-manhattan?osq=accessories,12/5/2016,0,7,0,0,0,0,0,0,,
https://www.yelp.com/biz/verameat-jewelry-manhattan?osq=accessories,12/5/2016,0,7,0,0,0,0,0,0,,
https://www.yelp.com/search?find_desc=accessories&start=30&l=g:-73.98289918899536,12/5/2016,0,7,0,0,0,0,0,0,,
http://www.refinery29.com/warm-dressy-coats?utm_source=email&utm_medium=editorial&utm_content=shops&utm_campaign=161204-warm-dressy-coats#slide,12/5/2016,0,7,0,0,0,0,0,1,,
http://www.purewow.com/tech/how-to-get-more-instagram-likes?utm_medium=email&utm_source=national&utm_campaign=19823&utm_content=food_editorial,12/5/2016,0,7,0,0,0,0,0,1,,
http://www.wellandgood.com/good-advice/meditate-in-the-a-m-heres-why-you-should-do-it-in-a-group/,12/5/2016,0,7,0,0,0,0,0,0,,
http://www.wellandgood.com/good-advice/meditate-in-the-a-m-heres-why-you-should-do-it-in-a-group/,12/5/2016,0,7,0,0,0,0,0,0,,
http://www.refinery29.com/chanel-black-tinted-top-coat-review?utm_source=email&utm_medium=editorial&utm_content=everywhere&utm_campaign=161204-female-masturbation-techniques,12/5/2016,0,7,0,0,0,0,0,1,,
http://www.purewow.com/tech/how-to-get-more-instagram-likes?utm_medium=email&utm_source=national&utm_campaign=19823&utm_content=food_editorial,12/5/2016,0,7,0,0,0,0,0,1,,
http://www.refinery29.com/chanel-black-tinted-top-coat-review?utm_source=email&utm_medium=editorial&utm_content=everywhere&utm_campaign=161204-female-masturbation-techniques,12/5/2016,0,7,0,0,0,0,0,1,,
https://www.yelp.com/biz/fabulous-fannys-new-york,12/5/2016,0,7,0,0,0,0,0,0,,
http://www.sephora.com/high-precision-lip-pencil-p410515?skuid=1855824&icid2=products%20grid:p410515,12/5/2016,0,7,0,0,0,0,0,0,,
https://www.yelp.com/nyc,12/5/2016,0,7,0,0,0,0,0,0,,
https://www.yelp.com/biz/creperie-beau-monde-philadelphia-2?q=gluten,12/2/2016,3,4,0,0,0,0,0,0,,
https://www.yelp.com/biz/creperie-beau-monde-philadelphia-2?q=gluten,12/2/2016,3,4,0,0,0,0,0,0,,
https://www.yelp.com/biz/creperie-beau-monde-philadelphia-2?q=gluten,12/2/2016,3,4,0,0,0,0,0,0,,
https://www.yelp.com/biz_redir?url=http%3a%2f%2fwww.creperie-beaumonde.com&website_link_type=website&src_bizid=_tt4nysrn8jpzllvxl-z5a&cachebuster=1480703056&s=ad224fed139f09532ef05b11b9f768f1ccbf90fdaa44695fb5ec77d2ae3231cf,12/2/2016,3,4,0,0,0,0,0,0,,
https://www.yelp.com/biz/creperie-beau-monde-philadelphia-2,12/2/2016,3,4,0,0,0,0,0,0,,
https://www.yelp.com/biz_redir?url=http%3a%2f%2fwww.creperie-beaumonde.com&website_link_type=website&src_bizid=_tt4nysrn8jpzllvxl-z5a&cachebuster=1480703056&s=ad224fed139f09532ef05b11b9f768f1ccbf90fdaa44695fb5ec77d2ae3231cf,12/2/2016,3,4,0,0,0,0,0,0,,
https://www.yelp.com/map/creperie-beau-monde-philadelphia-2,12/2/2016,3,4,0,0,0,0,0,0,,
https://www.yelp.com/search?cflt=creperies&find_loc=philadelphia%2c+pa%2c+usa,12/2/2016,3,4,0,0,0,0,0,0,,
https://www.yelp.com/search?cflt=creperies&find_loc=philadelphia%2c+pa%2c+usa,12/2/2016,3,4,0,0,0,0,0,0,,
https://www.yelp.com/c/philadelphia/creperies,12/2/2016,3,4,0,0,0,0,0,0,,
https://www.yelp.com/biz_photos/noord-philadelphia?select=b0t1xjzlz-r3knfvliejaa,12/2/2016,3,4,0,0,0,0,0,0,,
https://www.yelp.com/biz_photos/noord-philadelphia?select=b0t1xjzlz-r3knfvliejaa,12/2/2016,3,4,0,0,0,0,0,0,,
https://www.yelp.com/nyc,12/2/2016,3,4,0,0,0,0,0,0,,
http://www.elle.com/beauty/news/g29167/best-lip-stains/?src=nl&mag=bea&list=nl_bew_news&date=120116,12/2/2016,3,4,0,0,0,0,0,1,,
http://www.elle.com/beauty/news/g29167/best-lip-stains/?src=nl&mag=bea&list=nl_bew_news&date=120116,12/2/2016,3,4,0,0,0,0,0,1,,
http://www.sephora.com/holiday-deluxe-bag-2016?icid2=bd_verymerry_us_112616_banner_image,12/2/2016,3,4,0,0,0,0,0,0,,
https://www.sephora.com/basket/basket.jsp,12/2/2016,3,4,1,0,0,0,0,0,,
https://www.sephora.com/profile/orderconfirmation/orderconfirmation.jsp,12/2/2016,3,4,0,0,0,0,0,0,,
https://www.sephora.com/profile/orderconfirmation/orderconfirmation.jsp,12/2/2016,3,4,0,0,0,0,0,0,,
https://www.sephora.com/checkout/confirm,12/2/2016,3,4,1,0,0,0,0,0,,
http://www.sephora.com/holiday-deluxe-bag-2016?icid2=bd_verymerry_us_112616_banner_image,12/2/2016,3,4,0,0,0,0,0,0,,
http://www.sephora.com/custom-enhancer-drops-p409765?skuid=1826924&icid2=verymerry_deluxesamplebag_112616_us_bag2_image,12/2/2016,3,4,0,0,0,0,0,0,,
http://www.sephora.com/holiday-deluxe-bag-2016?icid2=bd_verymerry_us_112616_banner_image,12/2/2016,3,4,0,0,0,0,0,0,,
https://www.sephora.com/basket/basket.jsp,12/2/2016,3,4,1,0,0,0,0,0,,
https://www.sephora.com/checkout/confirm,12/2/2016,3,4,1,0,0,0,0,0,,
http://www.sephora.com/holiday-deluxe-bag-2016?icid2=bd_verymerry_us_112616_banner_image,12/2/2016,3,4,0,0,0,0,0,0,,
https://www.sephora.com/checkout/confirm,12/2/2016,3,4,1,0,0,0,0,0,,
http://www.sephora.com/holiday-deluxe-bag-2016?icid2=bd_verymerry_us_112616_banner_image,12/2/2016,3,4,0,0,0,0,0,0,,
https://www.sephora.com/checkout/confirm,12/2/2016,3,4,1,0,0,0,0,0,,
https://www.sephora.com/basket/basket.jsp,12/2/2016,3,4,1,0,0,0,0,0,,
http://www.sephora.com/24-7-glide-on-lip-pencil-p219001?skuid=1105105,12/2/2016,3,4,0,0,0,0,0,0,,
http://www.sephora.com/promotions-weekly-specials?icid2=homepage_quicklink_us_weeklyspecials_10.22.13_link,12/2/2016,3,4,0,0,0,0,0,0,,
https://www.sephora.com/checkout/confirm,12/2/2016,3,4,1,0,0,0,0,0,,
http://www.sephora.com/holiday-deluxe-bag-2016?icid2=bd_verymerry_us_112616_banner_image,12/2/2016,3,4,0,0,0,0,0,0,,
http://www.sephora.com/promotions-weekly-specials?icid2=homepage_quicklink_us_weeklyspecials_10.22.13_link,12/2/2016,3,4,0,0,0,0,0,0,,
http://www.sephora.com/promotions-weekly-specials?icid2=homepage_quicklink_us_weeklyspecials_10.22.13_link,12/2/2016,3,4,0,0,0,0,0,0,,
http://www.sephora.com/24-7-glide-on-lip-pencil-p219001?skuid=1105105,12/2/2016,3,4,0,0,0,0,0,0,,
https://www.sephora.com/basket/basket.jsp,12/2/2016,3,4,1,0,0,0,0,0,,
http://www.sephora.com/promotions-weekly-specials?icid2=homepage_quicklink_us_weeklyspecials_10.22.13_link,12/2/2016,3,4,0,0,0,0,0,0,,
https://www.sephora.com/checkout/confirm,12/2/2016,3,4,1,0,0,0,0,0,,
http://www.sephora.com/24-7-glide-on-lip-pencil-p219001?skuid=1105105,12/2/2016,3,4,0,0,0,0,0,0,,
http://www.sephora.com/promotions-weekly-specials?icid2=homepage_quicklink_us_weeklyspecials_10.22.13_link,12/2/2016,3,4,0,0,0,0,0,0,,
http://www.sephora.com/,12/2/2016,3,4,0,0,0,0,0,0,,
http://www.sephora.com/partyon?icid2=bd_partyon_101716_image,12/2/2016,3,4,0,0,0,0,0,0,,
http://www.sephora.com/partyon?icid2=bd_partyon_101716_image,12/2/2016,3,4,0,0,0,0,0,0,,
https://www.sephora.com/basket/basket.jsp,12/2/2016,3,4,1,0,0,0,0,0,,
https://www.sephora.com/basket/basket.jsp,12/2/2016,3,4,1,0,0,0,0,0,,
https://www.sephora.com/checkout/confirm,12/2/2016,3,4,1,0,0,0,0,0,,
http://www.sephora.com/holiday-deluxe-bag-2016?icid2=bd_verymerry_us_112616_banner_image,12/2/2016,3,4,0,0,0,0,0,0,,
http://www.sephora.com/partyon?icid2=bd_partyon_101716_image,12/2/2016,3,4,0,0,0,0,0,0,,
http://www.sephora.com/holiday-deluxe-bag-2016?icid2=bd_verymerry_us_112616_banner_image,12/2/2016,3,4,0,0,0,0,0,0,,
http://www.sephora.com/partyon?icid2=bd_partyon_101716_image,12/2/2016,3,4,0,0,0,0,0,0,,
http://www.sephora.com/perfect-8?icid2=bd_perfect8_us_100916_image,12/2/2016,3,4,0,0,0,0,0,0,,
http://www.sephora.com/partyon?icid2=bd_partyon_101716_image,12/2/2016,3,4,0,0,0,0,0,0,,
http://www.sephora.com/holiday-deluxe-bag-2016?icid2=bd_verymerry_us_112616_banner_image,12/2/2016,3,4,0,0,0,0,0,0,,
http://www.sephora.com/partyon?icid2=bd_partyon_101716_image,12/2/2016,3,4,0,0,0,0,0,0,,
http://www.sephora.com/holiday-deluxe-bag-2016?icid2=bd_verymerry_us_112616_banner_image,12/2/2016,3,4,0,0,0,0,0,0,,
http://www.sephora.com/partyon?icid2=bd_partyon_101716_image,12/2/2016,3,4,0,0,0,0,0,0,,
http://www.sephora.com/mystery-sample-bag-2016?icid2=bd_tryme_110116_image,12/2/2016,3,4,0,0,0,0,0,0,,
http://www.sephora.com/perfect-8?icid2=bd_perfect8_us_100916_image,12/2/2016,3,4,0,0,0,0,0,0,,
http://www.sephora.com/holiday-deluxe-bag-2016?icid2=bd_verymerry_us_112616_banner_image,12/2/2016,3,4,0,0,0,0,0,0,,
http://www.sephora.com/partyon?icid2=bd_partyon_101716_image,12/2/2016,3,4,0,0,0,0,0,0,,
http://www.sephora.com/mystery-sample-bag-2016?icid2=bd_tryme_110116_image,12/2/2016,3,4,0,0,0,0,0,0,,
http://www.sephora.com/holiday-deluxe-bag-2016?icid2=bd_verymerry_us_112616_banner_image,12/2/2016,3,4,0,0,0,0,0,0,,
http://www.sephora.com/promotions-weekly-specials?icid2=homepage_quicklink_us_weeklyspecials_10.22.13_link,12/2/2016,3,4,0,0,0,0,0,0,,
http://www.sephora.com/,12/2/2016,3,4,0,0,0,0,0,0,,
http://www.sephora.com/25-deluxe-samples-2016?icid2=homepage_weeklyspecials_etnevda5_25minis_120216_image,12/2/2016,3,4,0,0,0,0,0,0,,
http://www.sephora.com/,12/2/2016,3,4,0,0,0,0,0,0,,
http://www.sephora.com/sephora-flash-subscription-p379518?skuid=1530070&icid2=homepage_persistentbanner_flash,12/2/2016,3,4,0,0,0,0,0,0,,
http://www.sephora.com/shopping-list,12/2/2016,3,4,0,0,0,0,0,0,,
https://www.sephora.com/checkout/payment,12/2/2016,3,4,1,0,0,0,0,0,,
https://www.sephora.com/checkout/payment,12/2/2016,3,4,1,0,0,0,0,0,,
http://www.sephora.com/24-7-glide-on-lip-pencil-p219001?skuid=1105105,12/2/2016,3,4,0,0,0,0,0,0,,
https://www.sephora.com/checkout/confirm,12/2/2016,3,4,1,0,0,0,0,0,,
https://www.sephora.com/checkout/confirm,12/2/2016,3,4,1,0,0,0,0,0,,
https://www.sephora.com/basket/basket.jsp?om_mmc=aff-linkshare-redirect-ayspbyf8vum&c3ch=linkshare&c3nid=ayspbyf8vum&affid=ayspbyf8vum-qapmuf_qjkw.v5xbzlykoq&raneaid=ayspbyf8vum&ranmid=2417&ransiteid=ayspbyf8vum-qapmuf_qjkw.v5xbzlykoq&ranlinkid=10-1&browserdefault=true,12/2/2016,3,4,1,0,0,0,0,0,,
http://www.sephora.com/affiliates.jsp?site=linkshare&url=https%3a%2f%2fwww.sephora.com%2fbasket%2fbasket.jsp%3fom_mmc%3daff-linkshare-redirect-ayspbyf8vum%26c3ch%3dlinkshare%26c3nid%3dayspbyf8vum%26affid%3dayspbyf8vum-qapmuf_qjkw.v5xbzlykoq%26raneaid%3dayspbyf8vum%26ranmid%3d2417%26ransiteid%3dayspbyf8vum-qapmuf_qjkw.v5xbzlykoq%26ranlinkid%3d10-1%26browserdefault%3dtrue&siteid=ayspbyf8vum-qapmuf_qjkw.v5xbzlykoq,12/2/2016,3,4,1,0,0,0,0,0,,
https://www.sephora.com/basket/basket.jsp,12/2/2016,3,4,1,0,0,0,0,0,,
http://www.sephora.com/buxom-lash-waterproof-mascara-p374159?skuid=1540293&icid2=products%20grid:p374159,12/2/2016,3,4,0,0,0,0,0,0,,
http://www.sephora.com/search/search.jsp?keyword=buxom%20waterproof&mode=all,12/2/2016,3,4,0,0,0,0,0,0,,
https://www.sephora.com/basket/basket.jsp,12/2/2016,3,4,1,0,0,0,0,0,,
http://www.sephora.com/aqua-lip-waterproof-lipliner-pencil-p183919?skuid=1005511,12/2/2016,3,4,0,0,0,0,0,0,,
http://www.sephora.com/aqua-lip-waterproof-lipliner-pencil-p183919?skuid=1005511,12/2/2016,3,4,0,0,0,0,0,0,,
http://www.sephora.com/aqua-lip-waterproof-lipliner-pencil-p183919?skuid=1005511,12/2/2016,3,4,0,0,0,0,0,0,,
http://www.temptalia.com/urban-decay-fall-2015-247-glide-on-lip-pencils-reviews-photos-swatches/,12/2/2016,3,4,0,0,0,0,0,1,,
http://www.sephora.com/aqua-lip-waterproof-lipliner-pencil-p183919?skuid=1005487,12/2/2016,3,4,0,0,0,0,0,0,,
http://www.temptalia.com/urban-decay-fall-2015-247-glide-on-lip-pencils-reviews-photos-swatches/,12/2/2016,3,4,0,0,0,0,0,1,,
http://www.sephora.com/24-7-glide-on-lip-pencil-p219001?skuid=1724921,12/2/2016,3,4,0,0,0,0,0,0,,
http://www.temptalia.com/urban-decay-fall-2015-247-glide-on-lip-pencils-reviews-photos-swatches/,12/2/2016,3,4,0,0,0,0,0,1,,
http://www.sephora.com/24-7-glide-on-lip-pencil-p219001?skuid=1724954,12/2/2016,3,4,0,0,0,0,0,0,,
http://www.temptalia.com/urban-decay-fall-2015-247-glide-on-lip-pencils-reviews-photos-swatches/,12/2/2016,3,4,0,0,0,0,0,1,,
http://www.sephora.com/24-7-glide-on-lip-pencil-p219001?skuid=1724954,12/2/2016,3,4,0,0,0,0,0,0,,
http://www.temptalia.com/urban-decay-fall-2015-247-glide-on-lip-pencils-reviews-photos-swatches/,12/2/2016,3,4,0,0,0,0,0,1,,
http://www.sephora.com/24-7-glide-on-lip-pencil-p219001?skuid=1724954,12/2/2016,3,4,0,0,0,0,0,0,,
http://www.sephora.com/aqua-lip-waterproof-lipliner-pencil-p183919?skuid=1005487,12/2/2016,3,4,0,0,0,0,0,0,,
http://www.sephora.com/24-7-glide-on-lip-pencil-p219001?skuid=1724954,12/2/2016,3,4,0,0,0,0,0,0,,
http://www.sephora.com/shopping-list,12/2/2016,3,4,0,0,0,0,0,0,,
https://www.sephora.com/basket/basket.jsp,12/2/2016,3,4,1,0,0,0,0,0,,
https://www.sephora.com/basket/basket.jsp,12/2/2016,3,4,1,0,0,0,0,0,,
https://www.sephora.com/basket/basket.jsp,12/2/2016,3,4,1,0,0,0,0,0,,
http://www.sephora.com/,12/2/2016,3,4,0,0,0,0,0,0,,
http://www.sephora.com/,12/2/2016,3,4,0,0,0,0,0,0,,
http://www.sephora.com/high-precision-lip-pencil-p410515?skuid=1855824&icid2=products%20grid:p410515,12/2/2016,3,4,0,0,0,0,0,0,,
http://www.sephora.com/high-precision-lip-pencil-p410515?skuid=1855824&icid2=products%20grid:p410515,12/2/2016,3,4,0,0,0,0,0,0,,
http://www.sephora.com/lip-liner-lip-pencils,12/2/2016,3,4,0,0,0,0,0,0,,
http://www.sephora.com/lip-line-perfector-p292402?skuid=1354083&icid2=products%20grid:p292402,12/2/2016,3,4,0,0,0,0,0,0,,
http://www.sephora.com/make-up-for-ever?node=1050000,12/2/2016,3,4,0,0,0,0,0,0,,
http://www.sephora.com/aqua-lip-waterproof-lipliner-pencil-p183919?skuid=1005495,12/2/2016,3,4,0,0,0,0,0,0,,
http://www.sephora.com/aqua-lip-waterproof-lipliner-pencil-p183919?skuid=1005487,12/2/2016,3,4,0,0,0,0,0,0,,
http://www.sephora.com/shopping-list,12/2/2016,3,4,0,0,0,0,0,0,,
http://www.sephora.com/the-colors-nail-polish-p382111?skuid=1772532,12/2/2016,3,4,0,0,0,0,0,0,,
http://www.sephora.com/shopping-list,12/2/2016,3,4,0,0,0,0,0,0,,
http://www.sephora.com/shopping-list,12/2/2016,3,4,0,0,0,0,0,0,,
http://www.sephora.com/beauty-amplifier-universal-lip-liner-p379324?skuid=1509041,12/2/2016,3,4,0,0,0,0,0,0,,
http://www.sephora.com/shopping-list,12/2/2016,3,4,0,0,0,0,0,0,,
https://www.sephora.com/basket/basket.jsp,12/2/2016,3,4,1,0,0,0,0,0,,
http://www.sephora.com/happy-birthday-beautiful-p182601?skuid=1768712,12/2/2016,3,4,0,0,0,0,0,0,,
http://www.sephora.com/happy-birthday-beautiful-p182601?skuid=1768712,12/2/2016,3,4,0,0,0,0,0,0,,
https://www.sephora.com/basket/basket.jsp,12/2/2016,3,4,1,0,0,0,0,0,,
http://www.sephora.com/happy-birthday-beautiful-p182601?skuid=1756113,12/2/2016,3,4,0,0,0,0,0,0,,
http://www.sephora.com/happy-birthday-beautiful-p182601?skuid=1756113,12/2/2016,3,4,0,0,0,0,0,0,,
https://www.sephora.com/basket/basket.jsp,12/2/2016,3,4,1,0,0,0,0,0,,
https://www.sephora.com/basket/basket.jsp,12/2/2016,3,4,1,0,0,0,0,0,,
https://www.sephora.com/basket/basket.jsp,12/2/2016,3,4,1,0,0,0,0,0,,
http://www.sephora.com/creme-du-nil-pore-refining-moisture-veil-p411869?skuid=1864743,12/2/2016,3,4,0,0,0,0,0,0,,
https://www.sephora.com/basket/basket.jsp,12/2/2016,3,4,1,0,0,0,0,0,,
http://www.sephora.com/?om_mmc=ret-us_news1_20161202_rewardcard_vib-he-promodollaroff-rewardcardhero&emtc2=4f3fbee3-5cd6-4329-a88a-a572b72f3256&emlid=f7e833fb1007408ca047293bb52f9155&ematg=907664877&emcid=28154967&promo=&viq_epid=9fb5a638-1bbc-4aec-9fcb-b423a116e668%7c28154967,12/2/2016,3,4,0,0,0,0,0,0,,
http://www.instyle.com/beauty/should-you-get-botox-younger,12/2/2016,3,4,0,0,0,0,0,1,,
http://www.instyle.com/beauty/should-you-get-botox-younger,12/2/2016,3,4,0,0,0,0,0,1,,
https://track-registry.theknot.com/track/view?r=718934114&rt=14020&a=995&eventtype=1&lt=retailergvr&st=weddingwebsite&ss=leftnav&sp=linkedregistries,12/1/2016,4,3,0,0,0,0,0,0,,
http://www.sephora.com/search/saleresults.jsp?keyword=sale&topnav=true&sale=true&node=1050077,12/1/2016,4,3,0,0,0,0,0,0,,
http://www.nytimes.com/?wt.z_jog=1&hf=t&vs=undefined,12/1/2016,4,3,0,0,0,0,0,0,,
http://www.nytimes.com/?wt.z_jog=1&hf=t&vs=undefined,12/1/2016,4,3,0,0,0,0,0,0,,
http://www.nytimes.com/?wt.z_jog=1&hf=t&vs=undefined,12/1/2016,4,3,0,0,0,0,0,0,,
http://www.nytimes.com/?wt.z_jog=1&hf=t&vs=undefined,12/1/2016,4,3,0,0,0,0,0,0,,
http://www.sephora.com/ultimate-sun-protection-lotion-broad-spectrum-spf-50-wetforce-for-face-body-p393074?skuid=1684729&icid2=category%20search_skin%20care:sun%20care:face%20sunscreen_p393074_image&om_mmc=aff-linkshare-redirect-qfglneolowg&c3ch=linkshare&c3nid=qfglneolowg&affid=qfglneolowg-2zyknlvnxzmousu1fzy2yg&raneaid=qfglneolowg&ranmid=2417&ransiteid=qfglneolowg-2zyknlvnxzmousu1fzy2yg&ranlinkid=15-1&browserdefault=true,12/1/2016,4,3,0,0,0,0,0,0,,
https://www.buzzfeed.com/ikrd/this-teen-accidentally-spent-733-at-sephora-on-her-mothers-c?utm_term=.vh2nmdaze#.ql23xpdle,12/1/2016,4,3,0,0,0,0,0,1,,
http://www.glamour.com/story/a-pennsylvania-teen-accidentally-charged-733-of-sephora-to-her-moms-credit-card,12/1/2016,4,3,0,0,0,0,0,1,,
http://rstyle.me/n/bm8b6hxmd,12/1/2016,4,3,0,0,0,0,0,1,,
http://www.sephora.com/ultimate-sun-protection-lotion-broad-spectrum-spf-50-wetforce-for-face-body-p393074?skuid=1684729&icid2=category%20search_skin%20care:sun%20care:face%20sunscreen_p393074_image&om_mmc=aff-linkshare-redirect-qfglneolowg&c3ch=linkshare&c3nid=qfglneolowg&affid=qfglneolowg-2zyknlvnxzmousu1fzy2yg&raneaid=qfglneolowg&ranmid=2417&ransiteid=qfglneolowg-2zyknlvnxzmousu1fzy2yg&ranlinkid=15-1&browserdefault=true,12/1/2016,4,3,0,0,0,0,0,0,,
http://www.sephora.com/affiliates.jsp?site=linkshare&url=http%3a%2f%2fwww.sephora.com%2fultimate%2dsun%2dprotection%2dlotion%2dbroad%2dspectrum%2dspf%2d50%2dwetforce%2dfor%2dface%2dbody%2dp393074%3fskuid%3d1684729%26icid2%3dcategory%2520search%5fskin%2520care%3asun%2520care%3aface%2520sunscreen%5fp393074%5fimage%26om_mmc%3daff-linkshare-redirect-qfglneolowg%26c3ch%3dlinkshare%26c3nid%3dqfglneolowg%26affid%3dqfglneolowg-2zyknlvnxzmousu1fzy2yg%26raneaid%3dqfglneolowg%26ranmid%3d2417%26ransiteid%3dqfglneolowg-2zyknlvnxzmousu1fzy2yg%26ranlinkid%3d15-1%26browserdefault%3dtrue&siteid=qfglneolowg-2zyknlvnxzmousu1fzy2yg,12/1/2016,4,3,0,0,0,0,0,0,,
http://rstyle.me/n/bm6qnmxmd,12/1/2016,4,3,0,0,0,0,0,1,,
http://www.glamour.com/story/jane-keltner-de-valle-on-the-it-bag-trend,12/1/2016,4,3,0,0,0,0,0,1,,
http://www.glamour.com/story/a-pennsylvania-teen-accidentally-charged-733-of-sephora-to-her-moms-credit-card,12/1/2016,4,3,0,0,0,0,0,1,,
http://www.sephora.com/cicapair-tiger-grass-color-correcting-treatment-spf-30-p411540?om_mmc=aff-linkshare-redirect-tnl5hpstwnw&c3ch=linkshare&c3nid=tnl5hpstwnw&affid=tnl5hpstwnw-mhezjh2ruemb0e4pak31jw&raneaid=tnl5hpstwnw&ranmid=2417&ransiteid=tnl5hpstwnw-mhezjh2ruemb0e4pak31jw&ranlinkid=10-1&browserdefault=true,12/1/2016,4,3,0,0,0,0,0,0,,
http://www.sephora.com/cicapair-tiger-grass-color-correcting-treatment-spf-30-p411540?om_mmc=aff-linkshare-redirect-tnl5hpstwnw&c3ch=linkshare&c3nid=tnl5hpstwnw&affid=tnl5hpstwnw-mhezjh2ruemb0e4pak31jw&raneaid=tnl5hpstwnw&ranmid=2417&ransiteid=tnl5hpstwnw-mhezjh2ruemb0e4pak31jw&ranlinkid=10-1&browserdefault=true,12/1/2016,4,3,0,0,0,0,0,0,,
http://www.sephora.com/affiliates.jsp?site=linkshare&url=http%3a%2f%2fwww.sephora.com%2fcicapair%2dtiger%2dgrass%2dcolor%2dcorrecting%2dtreatment%2dspf%2d30%2dp411540%3fom_mmc%3daff-linkshare-redirect-tnl5hpstwnw%26c3ch%3dlinkshare%26c3nid%3dtnl5hpstwnw%26affid%3dtnl5hpstwnw-mhezjh2ruemb0e4pak31jw%26raneaid%3dtnl5hpstwnw%26ranmid%3d2417%26ransiteid%3dtnl5hpstwnw-mhezjh2ruemb0e4pak31jw%26ranlinkid%3d10-1%26browserdefault%3dtrue&siteid=tnl5hpstwnw-mhezjh2ruemb0e4pak31jw,12/1/2016,4,3,0,0,0,0,0,0,,
http://www.glamour.com/story/dr-jart-cicapair-tiger-grass-color-correcter-review?mbid=social_pinterest_referral,12/1/2016,4,3,0,0,0,0,0,1,,
http://www.sephora.com/bath-gift-sets,12/1/2016,4,3,0,0,0,0,0,0,,
http://www.sephora.com/bath-gift-sets,12/1/2016,4,3,0,0,0,0,0,0,,
http://www.sephora.com/?om_mmc=oth-tum,12/1/2016,4,3,0,0,0,0,0,0,,
http://theglossy.sephora.com/articles/1868/character-study-pat-mcgrath?stm_cat=news&stm_prods=yes&stm_type=image,12/1/2016,4,3,0,0,0,0,0,0,,
http://theglossy.sephora.com/articles/944/mom-gift-guide-%3fstm_cat%3dnews,12/1/2016,4,3,0,0,0,0,0,0,,
http://theglossy.sephora.com/articles/944/mom-gift-guide-%3fstm_cat%3dnews,12/1/2016,4,3,0,0,0,0,0,0,,
http://www.sephora.com/search/saleresults.jsp?keyword=sale&topnav=true&sale=true&node=1050077,12/1/2016,4,3,0,0,0,0,0,0,,
http://www.sephora.com/search/saleresults.jsp?keyword=sale&topnav=true&sale=true&node=1050077,12/1/2016,4,3,0,0,0,0,0,0,,
http://www.sephora.com/search/saleresults.jsp?keyword=sale&topnav=true,12/1/2016,4,3,0,0,0,0,0,0,,
http://www.sephora.com/bath-set-gifts,12/1/2016,4,3,0,0,0,0,0,0,,
http://www.sephora.com/bath-set-gifts,12/1/2016,4,3,0,0,0,0,0,0,,
http://www.sephora.com/gifts-for-her,12/1/2016,4,3,0,0,0,0,0,0,,
http://www.sephora.com/gifts-for-her,12/1/2016,4,3,0,0,0,0,0,0,,
http://www.sephora.com/,12/1/2016,4,3,0,0,0,0,0,0,,
http://www.sephora.com/,12/1/2016,4,3,0,0,0,0,0,0,,
https://www.yelp.com/map/sabrinas-cafe-philadelphia-29?start=barnes%20foundation&mode=walking,12/1/2016,4,3,0,0,0,0,0,0,,
https://www.yelp.com/nyc,12/1/2016,4,3,0,0,0,0,0,0,,
https://www.yelp.com/nyc,12/1/2016,4,3,0,0,0,0,0,0,,
https://www.yelp.com/biz/anna-inspiring-jewellery-manhattan,12/1/2016,4,3,0,0,0,0,0,0,,
https://www.yelp.com/biz/anna-inspiring-jewellery-manhattan,11/30/2016,5,2,0,0,0,0,0,0,,
https://www.yelp.com/biz/anna-inspiring-jewellery-manhattan,11/30/2016,5,2,0,0,0,0,0,0,,
https://www.yelp.com/biz/anna-inspiring-jewellery-manhattan,11/30/2016,5,2,0,0,0,0,0,0,,
https://www.yelp.com/biz/anna-inspiring-jewellery-manhattan,11/30/2016,5,2,0,0,0,0,0,0,,
http://www.nytimes.com/2016/11/29/us/politics/steven-terner-mnuchin-trump-treasury-secretary.html?smid=tw-share,11/30/2016,5,2,0,0,0,0,0,0,,
http://www.nytimes.com/2016/11/29/us/politics/steven-terner-mnuchin-trump-treasury-secretary.html?smid=tw-share,11/30/2016,5,2,0,0,0,0,0,0,,
http://www.nytimes.com/2016/11/29/us/politics/steven-terner-mnuchin-trump-treasury-secretary.html?hp&action=click&pgtype=homepage&clicksource=story-heading&module=a-lede-package-region&region=top-news&wt.nav=top-news,11/30/2016,5,2,0,0,0,0,0,0,,
http://www.temptalia.com/urban-decay-247-glide-on-eye-pencil-discontinued-shades-with-comparison-swatches/,11/29/2016,6,1,0,0,0,0,0,1,,
http://www.temptalia.com/urban-decay-247-glide-on-eye-pencil-discontinued-shades-with-comparison-swatches/,11/29/2016,6,1,0,0,0,0,0,1,,
http://www.temptalia.com/urban-decay-247-glide-on-eye-pencil-discontinued-shades-with-comparison-swatches/,11/29/2016,6,1,0,0,0,0,0,1,,
https://www.google.com/search?q=clinique+broadest+berry&espv=2&biw=1245&bih=636&source=lnms&tbm=isch&sa=x&ved=0ahukewix-pu-is_qahwhjlqkhzj-bbmq_auibigb#imgdii=yxlzcc6ctqjrum%3a%3byxlzcc6ctqjrum%3a%3btu5auuxhv0wesm%3a&imgrc=yxlzcc6ctqjrum%3a,11/29/2016,6,1,0,1,0,0,0,0,,
https://www.google.com/search?q=clinique+broadest+berry&espv=2&biw=1245&bih=636&source=lnms&tbm=isch&sa=x&ved=0ahukewix-pu-is_qahwhjlqkhzj-bbmq_auibigb#imgrc=yxlzcc6ctqjrum%3a,11/29/2016,6,1,0,1,0,0,0,0,,
http://www.sephora.com/chubby-stick-moisturizing-lip-colour-balm-p279113?skuid=1307875,11/29/2016,6,1,0,0,0,0,0,0,,
https://www.google.com/search?q=clinique+broadest+berry&espv=2&biw=1245&bih=636&source=lnms&tbm=isch&sa=x&ved=0ahukewix-pu-is_qahwhjlqkhzj-bbmq_auibigb#imgrc=yxlzcc6ctqjrum%3a,11/29/2016,6,1,0,1,0,0,0,0,,
https://www.google.com/search?q=clinique+broadest+berry&espv=2&biw=1245&bih=636&source=lnms&tbm=isch&sa=x&ved=0ahukewix-pu-is_qahwhjlqkhzj-bbmq_auibigb,11/29/2016,6,1,0,1,0,0,0,0,,
http://www.sephora.com/product/productnotcarried.jsp,11/29/2016,6,1,0,0,0,0,0,0,,
http://www.sephora.com/purchase-history,11/29/2016,6,1,0,0,0,0,0,0,,
https://www.sephora.com/basket/basket.jsp,11/29/2016,6,1,1,0,0,0,0,0,,
https://www.makeupalley.com/product/showreview.asp/itemid=127186/agerange=4/skintonetype=/ultra-repair-cream/first-aid-beauty/moisturizers,11/29/2016,6,1,0,0,0,0,1,0,,
https://www.makeupalley.com/product/showreview.asp/itemid=127186/ultra-repair-cream/first-aid-beauty/moisturizers,11/29/2016,6,1,0,0,0,0,1,0,,
https://www.sephora.com/basket/basket.jsp,11/29/2016,6,1,1,0,0,0,0,0,,
https://www.sephora.com/basket/basket.jsp,11/29/2016,6,1,1,0,0,0,0,0,,
http://www.sephora.com/,11/29/2016,6,1,0,0,0,0,0,0,,
http://www.sephora.com/,11/29/2016,6,1,0,0,0,0,0,0,,
https://www.google.com/search?q=fuller+fig+vs+rich+raisin&espv=2&biw=2133&bih=1055&tbm=isch&imgil=pxdqvanufmidkm%253a%253byhf5ca1bnfmldm%253bhttp%25253a%25252f%25252fkarlasugar.net%25252f2011%25252f01%25252fclinique-chubby-stick-moisturizing-lip-colour-balm%25252f&source=iu&pf=m&fir=pxdqvanufmidkm%253a%252cyhf5ca1bnfmldm%252c_&usg=__pv1oyomzb9gmrzmxvoxxllnfoza%3d&dpr=0.9&ved=0ahukewitreijws7qahvb4cykhvoocowqyjcika&ei=h749wnpncshamwht0krgca#imgrc=tq06cscq7v1yum%3a,11/29/2016,6,1,0,1,0,0,0,0,,
http://thenotice.net/2010/12/cliniques-chubby-sticks-are-back-and-better-than-ever/,11/29/2016,6,1,0,0,0,0,1,0,,
http://thenotice.net/2010/12/cliniques-chubby-sticks-are-back-and-better-than-ever/,11/29/2016,6,1,0,0,0,0,1,0,,
http://www.musingsofamuse.com/2012/12/clinique-chubby-stick-intense-moisturizing-lip-colour-balm-review-swatches.html,11/29/2016,6,1,0,0,0,0,1,1,,
https://www.google.com/url?sa=i&rct=j&q=&esrc=s&source=images&cd=&ved=0ahukewith9njxm7qahxhqiykhyajc3aqjhwibq&url=http%3a%2f%2fthenotice.net%2f2010%2f12%2fcliniques-chubby-sticks-are-back-and-better-than-ever%2f&psig=afqjcnels25yygjxzbptae-lkvqapv6g1a&ust=1480528499086821,11/29/2016,6,1,0,1,0,0,1,0,,
https://www.google.com/url?sa=i&rct=j&q=&esrc=s&source=images&cd=&ved=0ahukewith9njxm7qahxhqiykhyajc3aqjhwibq&url=http%3a%2f%2fthenotice.net%2f2010%2f12%2fcliniques-chubby-sticks-are-back-and-better-than-ever%2f&psig=afqjcnels25yygjxzbptae-lkvqapv6g1a&ust=1480528499086821,11/29/2016,6,1,0,1,0,0,1,0,,
https://www.google.com/url?sa=i&rct=j&q=&esrc=s&source=images&cd=&ved=0ahukewith9njxm7qahxhqiykhyajc3aqjhwibq&url=http%3a%2f%2fthenotice.net%2f2010%2f12%2fcliniques-chubby-sticks-are-back-and-better-than-ever%2f&psig=afqjcnels25yygjxzbptae-lkvqapv6g1a&ust=1480528499086821,11/29/2016,6,1,0,1,0,0,1,0,,
http://www.musingsofamuse.com/2012/12/clinique-chubby-stick-intense-moisturizing-lip-colour-balm-review-swatches.html,11/29/2016,6,1,0,0,0,0,1,1,,
https://www.google.com/url?sa=i&rct=j&q=&esrc=s&source=images&cd=&ved=0ahukewizjapvxm7qahuc2sykhvdfctoqjhwibq&url=http%3a%2f%2fwww.musingsofamuse.com%2f2012%2f12%2fclinique-chubby-stick-intense-moisturizing-lip-colour-balm-review-swatches.html&psig=afqjcnels25yygjxzbptae-lkvqapv6g1a&ust=1480528499086821,11/29/2016,6,1,0,1,0,0,1,1,,
https://www.google.com/url?sa=i&rct=j&q=&esrc=s&source=images&cd=&ved=0ahukewizjapvxm7qahuc2sykhvdfctoqjhwibq&url=http%3a%2f%2fwww.musingsofamuse.com%2f2012%2f12%2fclinique-chubby-stick-intense-moisturizing-lip-colour-balm-review-swatches.html&psig=afqjcnels25yygjxzbptae-lkvqapv6g1a&ust=1480528499086821,11/29/2016,6,1,0,1,0,0,1,1,,
http://www.musingsofamuse.com/2011/01/clinique-chubby-moisturizing-lip-colour-balm-review-swatches-photos.html,11/29/2016,6,1,0,0,0,0,1,1,,
https://www.google.com/search?q=fuller+fig+vs+rich+raisin&espv=2&biw=2133&bih=1055&tbm=isch&imgil=pxdqvanufmidkm%253a%253byhf5ca1bnfmldm%253bhttp%25253a%25252f%25252fkarlasugar.net%25252f2011%25252f01%25252fclinique-chubby-stick-moisturizing-lip-colour-balm%25252f&source=iu&pf=m&fir=pxdqvanufmidkm%253a%252cyhf5ca1bnfmldm%252c_&usg=__pv1oyomzb9gmrzmxvoxxllnfoza%3d&dpr=0.9&ved=0ahukewitreijws7qahvb4cykhvoocowqyjcika&ei=h749wnpncshamwht0krgca#imgrc=tq06cscq7v1yum%3a,11/29/2016,6,1,0,1,0,0,0,0,,
https://www.google.com/url?sa=i&rct=j&q=&esrc=s&source=images&cd=&ved=0ahukewju9ro3xm7qahvtgiykhqdkaycqjhwibq&url=http%3a%2f%2fwww.musingsofamuse.com%2f2011%2f01%2fclinique-chubby-moisturizing-lip-colour-balm-review-swatches-photos.html&psig=afqjcnhsrvterr12-rybs83egi03cjq8va&ust=1480527914584279,11/29/2016,6,1,0,1,0,0,1,1,,
https://www.google.com/url?sa=i&rct=j&q=&esrc=s&source=images&cd=&ved=0ahukewju9ro3xm7qahvtgiykhqdkaycqjhwibq&url=http%3a%2f%2fwww.musingsofamuse.com%2f2011%2f01%2fclinique-chubby-moisturizing-lip-colour-balm-review-swatches-photos.html&psig=afqjcnhsrvterr12-rybs83egi03cjq8va&ust=1480527914584279,11/29/2016,6,1,0,1,0,0,1,1,,
https://www.google.com/search?q=fuller+fig+vs+rich+raisin&espv=2&biw=2133&bih=1055&tbm=isch&imgil=pxdqvanufmidkm%253a%253byhf5ca1bnfmldm%253bhttp%25253a%25252f%25252fkarlasugar.net%25252f2011%25252f01%25252fclinique-chubby-stick-moisturizing-lip-colour-balm%25252f&source=iu&pf=m&fir=pxdqvanufmidkm%253a%252cyhf5ca1bnfmldm%252c_&usg=__pv1oyomzb9gmrzmxvoxxllnfoza%3d&dpr=0.9&ved=0ahukewitreijws7qahvb4cykhvoocowqyjcika&ei=h749wnpncshamwht0krgca#imgrc=tq06cscq7v1yum%3a,11/29/2016,6,1,0,1,0,0,0,0,,
https://www.google.com/search?q=fuller+fig+vs+rich+raisin&espv=2&biw=2133&bih=1055&tbm=isch&imgil=pxdqvanufmidkm%253a%253byhf5ca1bnfmldm%253bhttp%25253a%25252f%25252fkarlasugar.net%25252f2011%25252f01%25252fclinique-chubby-stick-moisturizing-lip-colour-balm%25252f&source=iu&pf=m&fir=pxdqvanufmidkm%253a%252cyhf5ca1bnfmldm%252c_&usg=__pv1oyomzb9gmrzmxvoxxllnfoza%3d&dpr=0.9&ved=0ahukewitreijws7qahvb4cykhvoocowqyjcika&ei=h749wnpncshamwht0krgca#imgrc=pxdqvanufmidkm%3a,11/29/2016,6,1,0,1,0,0,0,0,,
https://www.google.com/search?q=fuller+fig+vs+rich+raisin&espv=2&biw=2133&bih=1055&tbm=isch&imgil=pxdqvanufmidkm%253a%253byhf5ca1bnfmldm%253bhttp%25253a%25252f%25252fkarlasugar.net%25252f2011%25252f01%25252fclinique-chubby-stick-moisturizing-lip-colour-balm%25252f&source=iu&pf=m&fir=pxdqvanufmidkm%253a%252cyhf5ca1bnfmldm%252c_&usg=__pv1oyomzb9gmrzmxvoxxllnfoza%3d&dpr=0.9&ved=0ahukewitreijws7qahvb4cykhvoocowqyjcika&ei=h749wnpncshamwht0krgca#imgrc=pxdqvanufmidkm%3a,11/29/2016,6,1,0,1,0,0,0,0,,
http://www.nytimes.com/?wt.z_jog=1&hf=t&vs=undefined,11/29/2016,6,1,0,0,0,0,0,0,,
http://www.nytimes.com/?wt.z_jog=1&hf=t&vs=undefined,11/29/2016,6,1,0,0,0,0,0,0,,
http://www.nytimes.com/,11/29/2016,6,1,0,0,0,0,0,0,,
http://www.cnn.com/2016/11/28/asia/japan-frozen-fish-rink-trnd/,11/29/2016,6,1,0,0,0,0,0,0,,
http://www.nytimes.com/,11/29/2016,6,1,0,0,0,0,0,0,,
http://www.sephora.com/chubby-stick-moisturizing-lip-colour-balm-p279113,11/29/2016,6,1,0,0,0,0,0,0,,
http://www.sephora.com/ultra-repair-cream-intense-hydration-p248407?skuid=1670736&icid2=first_aid_beauty_bestsellers_carousel2_us%3ap248407,11/29/2016,6,1,0,0,0,0,0,0,,
http://www.sephora.com/first-aid-beauty?icid2=product_link_brand,11/29/2016,6,1,0,0,0,0,0,0,,
http://www.sephora.com/fab-faves-to-go-kit-p374504?skuid=1417831&icid2=first_aid_beauty_bestsellers_carousel2_us:p374504,11/29/2016,6,1,0,0,0,0,0,0,,
http://www.sephora.com/first-aid-beauty?icid2=product_link_brand,11/29/2016,6,1,0,0,0,0,0,0,,
http://www.sephora.com/ultra-repair-cream-intense-hydration-p248407?skuid=1217744&icid2=first_aid_beauty_bestsellers_carousel2_us:p248407,11/29/2016,6,1,0,0,0,0,0,0,,
http://www.sephora.com/first-aid-beauty?icid2=product_link_brand,11/29/2016,6,1,0,0,0,0,0,0,,
http://www.sephora.com/fab-delights-p412034?skuid=1851187,11/29/2016,6,1,0,0,0,0,0,0,,
http://www.sephora.com/shopping-list,11/29/2016,6,1,0,0,0,0,0,0,,
https://www.sephora.com/basket/basket.jsp,11/29/2016,6,1,1,0,0,0,0,0,,
http://www.sephora.com/24-7-glide-on-eye-pencil-p133707?skuid=1051341,11/29/2016,6,1,0,0,0,0,0,0,,
http://www.sephora.com/24-7-glide-on-eye-pencil-p133707?skuid=1498823,11/29/2016,6,1,0,0,0,0,0,0,,
http://www.sephora.com/purchase-history,11/29/2016,6,1,0,0,0,0,0,0,,
http://www.sephora.com/shopping-list,11/29/2016,6,1,0,0,0,0,0,0,,
https://www.sephora.com/basket/basket.jsp,11/29/2016,6,1,1,0,0,0,0,0,,
http://www.sephora.com/,11/29/2016,6,1,0,0,0,0,0,0,,
http://www.sephora.com/,11/29/2016,6,1,0,0,0,0,0,0,,
http://www.sephora.com/,11/29/2016,6,1,0,0,0,0,0,0,,
http://www.sephora.com/,11/29/2016,6,1,0,0,0,0,0,0,,
http://www.sephora.com/,11/29/2016,6,1,0,0,0,0,0,0,,
http://www.instyle.com/beauty/eyes/best-eyeliners-your-eye-color,11/29/2016,6,1,0,0,0,0,0,1,,
http://www.instyle.com/beauty/eyes/best-eyeliners-your-eye-color,11/29/2016,6,1,0,0,0,0,0,1,,
http://www.instyle.com/beauty/eyes/best-eyeliners-your-eye-color,11/29/2016,6,1,0,0,0,0,0,1,,
http://ship.sephora.com/tracking/sephora/ups?dzip=10014&country=us&lang=en&tracking_numbers=1z849ew10353961142,11/28/2016,7,0,0,0,0,0,0,0,,
https://www.yelp.com/biz/amour-vert-san-francisco,11/28/2016,7,0,0,0,0,0,0,0,,
https://www.wired.com/2015/02/instant-read-thermometers/,11/28/2016,7,0,0,0,0,0,0,0,,
https://www.wired.com/2015/02/instant-read-thermometers/,11/28/2016,7,0,0,0,0,0,0,0,,
https://www.wired.com/2015/02/instant-read-thermometers/,11/28/2016,7,0,0,0,0,0,0,0,,
http://rstyle.me/n/d53ggxmd,11/28/2016,7,0,0,0,0,0,0,1,,
http://www.sephora.com/hypnose-drama-instant-full-body-volume-mascara-p244006,11/28/2016,7,0,0,0,0,0,0,0,,
http://www.sephora.com/hypnose-drama-instant-full-body-volume-mascara-p244006,11/28/2016,7,0,0,0,0,0,0,0,,
http://www.sephora.com/hypnose-drama-instant-full-body-volume-mascara-p244006,11/28/2016,7,0,0,0,0,0,0,0,,
http://www.sephora.com/hypnose-drama-instant-full-body-volume-mascara-p244006,11/28/2016,7,0,0,0,0,0,0,0,,
http://rstyle.me/n/b6why9yk9n,11/28/2016,7,0,0,0,0,0,0,1,,
http://ship.sephora.com/tracking/sephora/ups?dzip=10014&country=us&lang=en&tracking_numbers=1z849ew10353961142,11/28/2016,7,0,0,0,0,0,0,0,,
http://ship.sephora.com/tracking/sephora/ups?dzip=10014&country=us&lang=en&tracking_numbers=1z849ew10353961142,11/28/2016,7,0,0,0,0,0,0,0,,
index=2,user_id=50899,Time Difference,Weight,0,0,0,0,0,0,,
http://www.clinique.com/checkout/viewcart.tmpl,12/12/2016,0,7,1,0,0,0,0,0,,
http://www.ulta.com/clinique-men-moisturizing-lotion?productid=xlsimpprod6470045,12/12/2016,0,7,0,0,1,0,0,0,,
http://www.clinique.com/products/1626/mens/skincare/moisturize-protect,12/12/2016,0,7,0,0,1,0,0,0,,
http://www.clinique.com/offers/?&cm_mmc=paid_search-_-google-_-brand_product-_-clinique%20for%20men%20moisturizing%20lotion,12/12/2016,0,7,0,1,0,0,0,0,,
https://www.google.com/search?q=clinique+for+men+moisturizing+lotion&oq=clinique+for+men+moisturizing+lotion&aqs=chrome..69i57j69i60.146j0j7&sourceid=chrome&ie=utf-8,12/12/2016,0,7,0,1,0,0,0,0,,
http://www.clinique.com/products/13566/holiday-2016/gift-sets,12/12/2016,0,7,0,0,1,0,0,0,,
http://www.clinique.com/offers/?&cm_mmc=paid_search-_-google-_-brand_product-_-clinique%20for%20men%20moisturizing%20lotion,12/12/2016,0,7,0,1,0,0,0,0,,
http://www.clinique.com/product/1626/29576/mens/skincare/moisturize-protect/clinique-for-men-moisturizing-lotion,12/12/2016,0,7,0,0,0,0,0,0,,
http://www.clinique.com/products/1626/mens/skincare/moisturize-protect,12/12/2016,0,7,0,0,1,0,0,0,,
http://www.clinique.com/smartrewards#points_perks,12/12/2016,0,7,0,0,0,0,0,0,,
http://www.clinique.com/offers/?&cm_mmc=paid_search-_-google-_-brand_product-_-clinique%20for%20men%20moisturizing%20lotion,12/12/2016,0,7,0,1,0,0,0,0,,
https://www.google.com/search?q=clinique+for+men+moisturizing+lotion&oq=clinique+for+men+moisturizing+lotion&aqs=chrome..69i57j69i60.146j0j7&sourceid=chrome&ie=utf-8,12/12/2016,0,7,0,1,0,0,0,0,,
http://www.ulta.com/clinique-men-moisturizing-lotion?productid=xlsimpprod6470045,12/12/2016,0,7,0,0,1,0,0,0,,
http://www.ulta.com/clinique-men-essentials-kit?productid=xlsimpprod10651098,12/12/2016,0,7,0,0,1,0,0,0,,
http://www.ulta.com/clinique-men-essentials-kit?productid=xlsimpprod10651098,12/12/2016,0,7,0,0,1,0,0,0,,
http://v2.decipherinc.com/survey/selfserve/e51/161122#*,12/12/2016,0,7,0,0,0,0,0,0,,
http://v2.decipherinc.com/survey/selfserve/e51/161122#),12/12/2016,0,7,0,0,0,0,0,0,,
http://v2.decipherinc.com/survey/selfserve/e51/161122#',12/12/2016,0,7,0,0,0,0,0,0,,
http://v2.decipherinc.com/survey/selfserve/e51/161122#&,12/12/2016,0,7,0,0,0,0,0,0,,
http://v2.decipherinc.com/survey/selfserve/e51/161122#$,12/12/2016,0,7,0,0,0,0,0,0,,
http://v2.decipherinc.com/survey/selfserve/e51/161122?list=2#?,12/12/2016,0,7,0,0,0,0,0,0,,
http://v2.decipherinc.com/survey/selfserve/e51/161122?list=2#?,12/12/2016,0,7,0,0,0,0,0,0,,
http://www.glamour.com/gallery/winter-boots?mbid=nl_120816_monthly_glamourgram&cndid=11023373&spmailingid=10018192&spuserid=mtmynte2odu5mjqxs0&spjobid=1060764094&spreportid=mta2mdc2nda5nas2,12/9/2016,3,4,0,0,0,0,0,1,,
http://www.popsugar.com/fashion/ll-bean-boots-38601032#photo-38601041,12/9/2016,3,4,0,0,0,0,0,1,,
http://www.popsugar.com/fashion/ll-bean-boots-38601032#photo-38601032,12/9/2016,3,4,0,0,0,0,0,1,,
https://www.yelp.com/biz/mb-staffing-services-washington?hrid=oid-ujfwedpz89bxljbvma,12/8/2016,4,3,0,0,0,0,0,0,,
https://www.yelp.com/biz/mb-staffing-services-washington?hrid=oid-ujfwedpz89bxljbvma,12/8/2016,4,3,0,0,0,0,0,0,,
http://www.refinery29.com/sweeps/ski-trip-2016?utm_medium=boxcopy&utm_source=email&utm_campaign=selfallure16,12/8/2016,4,3,0,0,0,0,0,1,,
http://www.allure.com/story/oy-l-face-cream-review?mbid=nl_skin_blast&cndid=11023373&spmailingid=10009850&spuserid=mtq4ndcwmjezndm0s0&spjobid=1060662371&spreportid=mta2mdy2mjm3mqs2,12/8/2016,4,3,0,0,0,0,0,1,,
http://www.refinery29.com/sweeps/spoonu-gothamist-thrillist-2016/thank-you?utm_source=spoon+university&utm_medium=email&utm_campaign=51d6eeb09e-email_campaign_2016_11_30&utm_term=0_71726be0ba-51d6eeb09e-99008057,12/6/2016,6,1,0,0,0,0,0,1,,
http://www.refinery29.com/sweeps/spoonu-gothamist-thrillist-2016?utm_medium=spoonudedicated&utm_source=email&utm_campaign=spoonugothamistthrillist16&utm_source=spoon+university&utm_campaign=51d6eeb09e-email_campaign_2016_11_30&utm_medium=email&utm_term=0_71726be0ba-51d6eeb09e-99008057,12/6/2016,6,1,0,0,0,0,0,1,,
http://www.glamour.com/story/what-age-do-women-go-gray,12/6/2016,6,1,0,0,0,0,0,1,,
http://www.glamour.com/story/what-age-do-women-go-gray,12/6/2016,6,1,0,0,0,0,0,1,,
http://www.huffingtonpost.com/2014/03/15/gray-hair-myths-_n_4892577.html,12/6/2016,6,1,0,0,0,0,0,1,,
http://www.huffingtonpost.com/2014/03/15/gray-hair-myths-_n_4892577.html,12/6/2016,6,1,0,0,0,0,0,1,,
http://www.huffingtonpost.com/2014/03/15/gray-hair-myths-_n_4892577.html,12/6/2016,6,1,0,0,0,0,0,1,,
https://weather.com/weather/5day/l/20036:4:us,12/6/2016,6,1,0,0,0,0,0,0,,
https://weather.com/weather/5day/l/20036:4:us,12/6/2016,6,1,0,0,0,0,0,0,,
https://weather.com/weather/5day/l/20036:4:us,12/6/2016,6,1,0,0,0,0,0,0,,
https://weather.com/weather/today/l/20036:4:us,12/6/2016,6,1,0,0,0,0,0,0,,
index=3,user_id=50072,Time Difference,Weight,0,0,0,0,0,0,,
https://www.giltcity.com/city/checkout?cart_guid=157a50ea-2dee-46d4-b88a-fe935ccd71e7&url_key=cliniquenationatdec16&sku_id=6907894&is_gift=false,12/28/2016,0,7,1,0,0,1,0,0,,
https://www.giltcity.com/city/checkout/login?url_key=cliniquenationatdec16&cart_guid=157a50ea-2dee-46d4-b88a-fe935ccd71e7&sku_id=6907894&is_gift=false,12/28/2016,0,7,1,0,0,1,0,0,,
https://www.giltcity.com/national/cliniquenationatdec16,12/28/2016,0,7,0,0,0,1,0,0,,
http://www.marieclaire.com/celebrity/a24466/drake-jennifer-lopez-official-instagram/?src=nl&mag=mar&list=nl_mhb_news&date=122816,12/28/2016,0,7,0,0,0,0,0,1,,
http://www.marieclaire.com/health-fitness/a24390/anna-victoria-no-makeup/,12/28/2016,0,7,0,0,0,0,0,1,,
http://www.marieclaire.com/health-fitness/g4066/fruit-infused-waters/,12/28/2016,0,7,0,0,0,0,0,1,,
http://www.marieclaire.com/beauty/news/g4313/best-hand-creams/?src=nl&mag=mar&list=nl_mhb_news&date=122816,12/28/2016,0,7,0,0,0,0,0,1,,
http://www.refinery29.com/zodiac-beauty-inspiration-december,12/27/2016,1,6,0,0,0,0,0,1,,
http://www.refinery29.com/2016/12/131537/best-companies-to-work-for-2017?utm_content=weekly&utm_medium=editorial&utm_source=email&utm_campaign=161216-holiday-buyers-remorse-dating-no-makeup-essay#slide,12/27/2016,1,6,0,0,0,0,0,1,,
https://www.yelp.com/biz/aesthetic-bodyworks-mobile-massage-allentown-2,12/26/2016,2,5,0,0,0,0,0,0,,
https://www.anthropologie.com/sale-tops,12/26/2016,2,5,0,0,0,0,0,0,,
https://www.anthropologie.com/sale-tops,12/26/2016,2,5,0,0,0,0,0,0,,
https://www.anthropologie.com/sale-shoes?page=2,12/26/2016,2,5,0,0,0,0,0,0,,
https://www.anthropologie.com/sale-tops,12/26/2016,2,5,0,0,0,0,0,0,,
https://www.anthropologie.com/sale-tops,12/26/2016,2,5,0,0,0,0,0,0,,
https://www.anthropologie.com/sale-tops,12/26/2016,2,5,0,0,0,0,0,0,,
https://www.anthropologie.com/shop/latitudes-sweatshirt?category=sale-tops&color=004,12/26/2016,2,5,0,0,0,0,0,0,,
https://www.anthropologie.com/sale-tops,12/26/2016,2,5,0,0,0,0,0,0,,
https://www.anthropologie.com/shop/graffito-tee?category=sale-tops&color=049#reviews,12/26/2016,2,5,0,0,0,0,0,0,,
https://www.anthropologie.com/shop/graffito-tee?category=sale-tops&color=049#reviews,12/26/2016,2,5,0,0,0,0,0,0,,
https://www.anthropologie.com/shop/graffito-tee?category=sale-tops&color=049,12/26/2016,2,5,0,0,0,0,0,0,,
https://www.anthropologie.com/sale-tops,12/26/2016,2,5,0,0,0,0,0,0,,
https://www.anthropologie.com/sale-tops,12/26/2016,2,5,0,0,0,0,0,0,,
https://www.anthropologie.com/sale-shoes?page=2,12/26/2016,2,5,0,0,0,0,0,0,,
https://www.anthropologie.com/shop/kupuri-edith-ankle-wrap-heels?color=030&quantity=1&type=regular,12/26/2016,2,5,0,0,0,0,0,0,,
https://www.anthropologie.com/shop/kupuri-edith-ankle-wrap-heels?category=sale-shoes&color=005,12/26/2016,2,5,0,0,0,0,0,0,,
https://www.anthropologie.com/sale-shoes?page=2,12/26/2016,2,5,0,0,0,0,0,0,,
https://www.anthropologie.com/shop/bettye-muller-nightcap-booties?category=sale-shoes&color=040,12/26/2016,2,5,0,0,0,0,0,0,,
https://www.anthropologie.com/sale-shoes?page=2,12/26/2016,2,5,0,0,0,0,0,0,,
https://www.anthropologie.com/shop/luiza-perea-patchwork-flats?category=sale-shoes&color=090,12/26/2016,2,5,0,0,0,0,0,0,,
https://www.anthropologie.com/shop/luiza-perea-patchwork-flats?category=sale-shoes&color=090,12/26/2016,2,5,0,0,0,0,0,0,,
https://www.anthropologie.com/sale-shoes?page=2,12/26/2016,2,5,0,0,0,0,0,0,,
https://www.anthropologie.com/sale-shoes,12/26/2016,2,5,0,0,0,0,0,0,,
https://www.anthropologie.com/sale-shoes,12/26/2016,2,5,0,0,0,0,0,0,,
https://www.anthropologie.com/shop/all-black-colorblock-fold-back-booties?category=sale-shoes&color=025,12/26/2016,2,5,0,0,0,0,0,0,,
https://www.anthropologie.com/sale-shoes,12/26/2016,2,5,0,0,0,0,0,0,,
https://www.anthropologie.com/shop/luiza-perea-patchwork-ankle-booties?category=sale-shoes&color=090,12/26/2016,2,5,0,0,0,0,0,0,,
https://www.anthropologie.com/sale-shoes,12/26/2016,2,5,0,0,0,0,0,0,,
https://www.anthropologie.com/sale-shoes,12/26/2016,2,5,0,0,0,0,0,0,,
https://www.anthropologie.com/,12/26/2016,2,5,0,0,0,0,0,0,,
https://www.anthropologie.com/sale-shoes,12/26/2016,2,5,0,0,0,0,0,0,,
http://www.huffingtonpost.com/,12/26/2016,2,5,0,0,0,0,0,1,,
http://www.huffingtonpost.com/,12/26/2016,2,5,0,0,0,0,0,1,,
http://www.huffingtonpost.com/,12/25/2016,3,4,0,0,0,0,0,1,,
http://www.marieclaire.com/food-cocktails/a24417/starbucks-free-espresso-giveaway-2016/?src=nl&mag=mar&list=nl_mhb_news&date=090116,12/24/2016,4,3,0,0,0,0,0,1,,
http://www.marieclaire.com/food-cocktails/a24417/starbucks-free-espresso-giveaway-2016/?src=nl&mag=mar&list=nl_mhb_news&date=090116,12/24/2016,4,3,0,0,0,0,0,1,,
http://www.apartmenttherapy.com/gift-ideas-for-someone-who-loves-to-entertain-238213,12/23/2016,5,2,0,0,0,0,0,0,,
http://www.apartmenttherapy.com/10-things-men-dont-understand-about-home-decor-237939?utm_medium=email&utm_campaign=at%20daily%20122316%20-%2010%20decor%20items%20men%20just%20dont%20understand&utm_content=at%20daily%20122316%20-%2010%20decor%20items%20men%20just%20dont%20understand+cid_817bb4ade9690fa473075cfebc6b5abb&utm_source=email_newsletter&utm_term=10%20decor%20items%20men%20just%20dont%20understand,12/23/2016,5,2,0,0,0,0,0,0,,
http://www.apartmenttherapy.com/10-things-men-dont-understand-about-home-decor-237939?utm_medium=email&utm_campaign=at%20daily%20122316%20-%2010%20decor%20items%20men%20just%20dont%20understand&utm_content=at%20daily%20122316%20-%2010%20decor%20items%20men%20just%20dont%20understand+cid_817bb4ade9690fa473075cfebc6b5abb&utm_source=email_newsletter&utm_term=10%20decor%20items%20men%20just%20dont%20understand,12/23/2016,5,2,0,0,0,0,0,0,,
http://www.huffingtonpost.com/,12/23/2016,5,2,0,0,0,0,0,1,,
http://www.huffingtonpost.com/,12/23/2016,5,2,0,0,0,0,0,1,,
http://www.marieclaire.com/fashion/news/a24300/mon-purse-launch/,12/22/2016,6,1,0,0,0,0,0,1,,
http://www.marieclaire.com/fashion/news/a24300/mon-purse-launch/,12/22/2016,6,1,0,0,0,0,0,1,,
http://www.elfyourself.com/,12/22/2016,6,1,0,0,0,0,0,0,,
http://www.zillow.com/homes/for_sale/fsba,12/22/2016,6,1,0,0,0,0,0,0,,
http://www.huffingtonpost.com/entry/mitch-mcconnell-machiavelli-2016_us_58519c78e4b0e411bfd50d1a,12/21/2016,7,0,0,0,0,0,0,1,,
http://www.huffingtonpost.com/,12/21/2016,7,0,0,0,0,0,0,1,,
,,,,Shopping Cart,Search,Shop,Coupon,Review,Publisher,,
,,,Product,153,65,63,42,14,301,,
,,,# of purchases,4,,,,,,,
,,,frequency,39,23,9,6,14,81,,SUM
,,,Score1(frequency and time),38.25,16.25,15.75,10.5,3.5,75.25,,159.5
,,,Socre2(Weighted Time Values),3.923076923,2.826086957,7,7,1,3.716049383,,
,,,,23.98%,10.19%,9.87%,6.58%,2.19%,47.18%,,1
,,,,,,,,,,,
,,,,Review,Search,Publisher,Shopping Cart,Coupon,Shop,,
,,,,1,2.83,3.72,3.92,7,7,,
