index=27,user_id=992.0,Time Difference,Weight,0,0,0,0,0,0
http://www.clinique.com/checkout/viewcart.tmpl,1/2/2017 3:46,0,7,1,0,0,0,0,0
http://www.clinique.com/product/1594/6271/makeup/bronzers/blended-face-powder-and-brush%3fcm_mmc%3dpaid_search-_-google-_-google_shopping-_-makeup+-+best+sellers,1/2/2017 3:45,0,7,0,0,0,0,0,0
https://www.sephora.com/checkout/confirm,1/2/2017 3:36,0,7,1,0,0,0,0,0
http://www.sephora.com/blotting-powder-perfector-p379128?skuid=1514280&icid2=products%20grid%3ap379128,1/2/2017 3:34,0,7,0,0,0,0,0,0
https://www.sephora.com/checkout/confirm,1/2/2017 3:33,0,7,1,0,0,0,0,0
http://www.sephora.com/blotting-powder-perfector-p379128?skuid=1514280&icid2=products%20grid%3ap379128,1/2/2017 3:32,0,7,0,0,0,0,0,0
http://www.sephora.com/search/saleresults.jsp?keyword=sale&sale=true&node=1050000,1/2/2017 3:32,0,7,0,0,0,0,0,0
http://www.sephora.com/?om_mmc=aff-linkshare-redirect-ndqa3okziiq&c3ch=linkshare&c3nid=ndqa3okziiq&affid=ndqa3okziiq-wiomqqfd2qafsu4csg5kjg&raneaid=ndqa3okziiq&ranmid=2417&ransiteid=ndqa3okziiq-wiomqqfd2qafsu4csg5kjg&ranlinkid=4-10001019&browserdefault=true&om_mmc=aff-linkshare-redirect-ayspbyf8vum&c3ch=linkshare&c3nid=ayspbyf8vum&affid=ayspbyf8vum-atjeg2o.tyh8iiwkk11tpg&raneaid=ayspbyf8vum&ranmid=2417&ransiteid=ayspbyf8vum-atjeg2o.tyh8iiwkk11tpg&ranlinkid=10-1&browserdefault=true,1/2/2017 3:32,0,7,0,0,0,0,0,0
https://www.sephora.com/checkout/confirm,1/2/2017 3:31,0,7,1,0,0,0,0,0
https://www.sephora.com/checkout/confirm,1/2/2017 3:30,0,7,1,0,0,0,0,0
https://www.sephora.com/basket/basket.jsp?om_mmc=aff-linkshare-redirect-ayspbyf8vum&c3ch=linkshare&c3nid=ayspbyf8vum&affid=ayspbyf8vum-ckfabtcnc2cmnqwcsk4xza&raneaid=ayspbyf8vum&ranmid=2417&ransiteid=ayspbyf8vum-ckfabtcnc2cmnqwcsk4xza&ranlinkid=10-1&browserdefault=true,1/2/2017 3:29,0,7,1,0,0,0,0,0
http://www.sephora.com/affiliates.jsp?site=linkshare&url=https%3a%2f%2fwww.sephora.com%2fbasket%2fbasket.jsp%3fom_mmc%3daff-linkshare-redirect-ayspbyf8vum%26c3ch%3dlinkshare%26c3nid%3dayspbyf8vum%26affid%3dayspbyf8vum-ckfabtcnc2cmnqwcsk4xza%26raneaid%3dayspbyf8vum%26ranmid%3d2417%26ransiteid%3dayspbyf8vum-ckfabtcnc2cmnqwcsk4xza%26ranlinkid%3d10-1%26browserdefault%3dtrue&siteid=ayspbyf8vum-ckfabtcnc2cmnqwcsk4xza,1/2/2017 3:29,0,7,1,0,0,0,0,0
https://www.sephora.com/basket/basket.jsp,1/2/2017 3:29,0,7,1,0,0,0,0,0
http://www.sephora.com/promotions-weekly-specials?icid2=homepage_weeklyspecials_retexture_122716_image,1/2/2017 3:29,0,7,0,0,0,0,0,0
https://www.sephora.com/basket/basket.jsp,1/2/2017 3:29,0,7,1,0,0,0,0,0
http://www.sephora.com/affiliates.jsp?site=linkshare&url=http%3a%2f%2fwww.sephora.com%2f%3fom_mmc%3daff-linkshare-redirect-ndqa3okziiq%26c3ch%3dlinkshare%26c3nid%3dndqa3okziiq%26affid%3dndqa3okziiq-zajspphwfeonezy8v129yq%26raneaid%3dndqa3okziiq%26ranmid%3d2417%26ransiteid%3dndqa3okziiq-zajspphwfeonezy8v129yq%26ranlinkid%3d4-10001019%26browserdefault%3dtrue&siteid=ndqa3okziiq-zajspphwfeonezy8v129yq,1/2/2017 3:29,0,7,0,0,0,0,0,0
http://www.sephora.com/?om_mmc=aff-linkshare-redirect-ndqa3okziiq&c3ch=linkshare&c3nid=ndqa3okziiq&affid=ndqa3okziiq-wiomqqfd2qafsu4csg5kjg&raneaid=ndqa3okziiq&ranmid=2417&ransiteid=ndqa3okziiq-wiomqqfd2qafsu4csg5kjg&ranlinkid=4-10001019&browserdefault=true&om_mmc=aff-linkshare-redirect-ayspbyf8vum&c3ch=linkshare&c3nid=ayspbyf8vum&affid=ayspbyf8vum-atjeg2o.tyh8iiwkk11tpg&raneaid=ayspbyf8vum&ranmid=2417&ransiteid=ayspbyf8vum-atjeg2o.tyh8iiwkk11tpg&ranlinkid=10-1&browserdefault=true,1/2/2017 3:28,0,7,0,0,0,0,0,0
http://www.sephora.com/affiliates.jsp?site=linkshare&url=http%3a%2f%2fwww.sephora.com%2f%3fom%5fmmc%3daff%2dlinkshare%2dredirect%2dndqa3okziiq%26c3ch%3dlinkshare%26c3nid%3dndqa3okziiq%26affid%3dndqa3okziiq%2dwiomqqfd2qafsu4csg5kjg%26raneaid%3dndqa3okziiq%26ranmid%3d2417%26ransiteid%3dndqa3okziiq%2dwiomqqfd2qafsu4csg5kjg%26ranlinkid%3d4%2d10001019%26browserdefault%3dtrue%26om_mmc%3daff-linkshare-redirect-ayspbyf8vum%26c3ch%3dlinkshare%26c3nid%3dayspbyf8vum%26affid%3dayspbyf8vum-atjeg2o.tyh8iiwkk11tpg%26raneaid%3dayspbyf8vum%26ranmid%3d2417%26ransiteid%3dayspbyf8vum-atjeg2o.tyh8iiwkk11tpg%26ranlinkid%3d10-1%26browserdefault%3dtrue&siteid=ayspbyf8vum-atjeg2o.tyh8iiwkk11tpg,1/2/2017 3:28,0,7,0,0,0,0,0,0
http://www.sephora.com/?om_mmc=aff-linkshare-redirect-ndqa3okziiq&c3ch=linkshare&c3nid=ndqa3okziiq&affid=ndqa3okziiq-wiomqqfd2qafsu4csg5kjg&raneaid=ndqa3okziiq&ranmid=2417&ransiteid=ndqa3okziiq-wiomqqfd2qafsu4csg5kjg&ranlinkid=4-10001019&browserdefault=true#,1/2/2017 3:28,0,7,0,0,0,0,0,0
http://www.sephora.com/affiliates.jsp?site=linkshare&url=http%3a%2f%2fwww.sephora.com%2f%3fom_mmc%3daff-linkshare-redirect-ndqa3okziiq%26c3ch%3dlinkshare%26c3nid%3dndqa3okziiq%26affid%3dndqa3okziiq-wiomqqfd2qafsu4csg5kjg%26raneaid%3dndqa3okziiq%26ranmid%3d2417%26ransiteid%3dndqa3okziiq-wiomqqfd2qafsu4csg5kjg%26ranlinkid%3d4-10001019%26browserdefault%3dtrue&siteid=ndqa3okziiq-wiomqqfd2qafsu4csg5kjg,1/2/2017 3:28,0,7,0,0,0,0,0,0
http://www.sephora.com/,1/2/2017 3:28,0,7,0,0,0,0,0,0
http://www.imdb.com/name/nm0692013/?ref_=ttfc_fc_cl_t32,1/1/2017 6:25,0,7,0,0,0,0,0,0
http://www.imdb.com/title/tt1844624/fullcredits?ref_=tt_cl_sm#cast,1/1/2017 6:25,0,7,0,0,0,0,0,0
http://www.imdb.com/title/tt1844624/?ref_=nv_sr_1,1/1/2017 6:25,0,7,0,0,0,0,0,0
http://www.imdb.com/title/tt2294189/,1/1/2017 6:25,0,7,0,0,0,0,0,0
http://www.sephora.com/amuse-bouche-lipstick-p405057?skuid=1796648,1/1/2017 2:41,1,6,0,0,0,0,0,0
http://www.sephora.com/amuse-bouche-lipstick-p405057?skuid=1796622,1/1/2017 1:54,1,6,0,0,0,0,0,0
http://www.sephora.com/opal-creme-lipstick-p398401?keyword=bite%20beauty%20opal%20cr%c3%a8me%20lipstick%20p398401&skuid=1718733&_requestid=575742,1/1/2017 1:54,1,6,0,0,0,0,0,0
http://www.sephora.com/big-sexy-bold-gel-lipstick-p398927?keyword=buxom%20big%20%26%20sexy%e2%84%a2%20bold%20gel%20lipstick%20p398927&skuid=1740083&_requestid=575533,1/1/2017 1:53,1,6,0,0,0,0,0,0
http://www.sephora.com/,1/1/2017 1:53,1,6,0,0,0,0,0,0
http://www.sephora.com/,1/1/2017 1:53,1,6,0,0,0,0,0,0
http://www.temptalia.com/urban-decay-criminal-rejected-wrong-number-sheer-liar-ravenswood-vice-lipsticks-reviews-photos-swatches/,12/31/2016 19:11,1,6,0,0,0,0,0,1
http://www.temptalia.com/product/urban-decay-revolution-lipstick/liar/,12/31/2016 19:11,1,6,0,0,0,0,0,1
http://www.temptalia.com/urban-decay-criminal-rejected-wrong-number-sheer-liar-ravenswood-vice-lipsticks-reviews-photos-swatches/,12/31/2016 19:11,1,6,0,0,0,0,0,1
http://www.temptalia.com/product/urban-decay-revolution-lipstick/liar/,12/31/2016 19:11,1,6,0,0,0,0,0,1
http://www.temptalia.com/urban-decay-criminal-rejected-wrong-number-sheer-liar-ravenswood-vice-lipsticks-reviews-photos-swatches/,12/31/2016 19:10,1,6,0,0,0,0,0,1
http://www.temptalia.com/urban-decay-criminal-rejected-wrong-number-sheer-liar-ravenswood-vice-lipsticks-reviews-photos-swatches/,12/31/2016 19:09,1,6,0,0,0,0,0,1
http://www.temptalia.com/product/urban-decay-revolution-lipstick/liar/,12/31/2016 19:08,1,6,0,0,0,0,0,1
http://www.temptalia.com/urban-decay-criminal-rejected-wrong-number-sheer-liar-ravenswood-vice-lipsticks-reviews-photos-swatches/,12/31/2016 19:08,1,6,0,0,0,0,0,1
http://www.temptalia.com/product/urban-decay-revolution-lipstick/liar/,12/31/2016 19:08,1,6,0,0,0,0,0,1
http://www.temptalia.com/urban-decay-criminal-rejected-wrong-number-sheer-liar-ravenswood-vice-lipsticks-reviews-photos-swatches/,12/31/2016 19:07,1,6,0,0,0,0,0,1
http://www.temptalia.com/urban-decay-criminal-rejected-wrong-number-sheer-liar-ravenswood-vice-lipsticks-reviews-photos-swatches/,12/31/2016 19:04,1,6,0,0,0,0,0,1
http://www.sephora.com/sugar-lip-treatment-spf-15-p57002?keyword=fresh%20sugar%20lip%20treatment%20sunscreen%20spf%2015%20p57002&skuid=1190529&_requestid=500330,12/30/2016 22:24,2,5,0,0,0,0,0,0
http://www.sephora.com/sugar-lip-treatment-spf-15-p57002?keyword=fresh%20sugar%20lip%20treatment%20sunscreen%20spf%2015%20p57002&skuid=683847&_requestid=500330,12/30/2016 22:23,2,5,0,0,0,0,0,0
http://www.sephora.com/,12/30/2016 22:22,2,5,0,0,0,0,0,0
http://www.sephora.com/,12/30/2016 22:22,2,5,0,0,0,0,0,0
https://www.buzzfeed.com/ariannarebolini/long-lasting-lipsticks-and-found-which-ones-actually-last?utm_term=.dyqakdapv4#.qopnr8nva9,12/30/2016 21:43,2,5,0,0,0,0,0,1
http://www.sephora.com/lipstick?ref=100006%2c100051%2c9010004&sortby=p_rating%3a1%3a%3ap_prod_name%3a0%3a%3ap_default_sku%3a1,12/30/2016 21:38,2,5,0,0,0,0,0,0
http://www.sephora.com/lipstick?ref=100006%2c100051%2c9010004&sortby=p_rating%3a1%3a%3ap_prod_name%3a0%3a%3ap_default_sku%3a1,12/30/2016 21:37,2,5,0,0,0,0,0,0
http://www.sephora.com/lipstick?ref=100006%2c100051%2c9010004&sortby=p_rating%3a1%3a%3ap_prod_name%3a0%3a%3ap_default_sku%3a1,12/30/2016 21:33,2,5,0,0,0,0,0,0
http://www.sephora.com/rouge-matte-lipstick-p408604?skuid=1764414&icid2=products%20grid:p408604,12/30/2016 21:33,2,5,0,0,0,0,0,0
http://www.sephora.com/liquid-lipstick?ref=100006&sortby=p_rating%3a1%3a%3ap_prod_name%3a0%3a%3ap_default_sku%3a1,12/30/2016 21:31,2,5,0,0,0,0,0,0
http://www.sephora.com/liquid-lipstick#,12/30/2016 21:26,2,5,0,0,0,0,0,0
http://www.sephora.com/?new_country=ca&orig_url=%2fshine-lover-vibrant-shine-lipstick-p394546%3fskuid%3d1678481%26country_switch%3dca,12/30/2016 21:26,2,5,0,0,0,0,0,0
http://www.sephora.com/?new_country=ca&orig_url=%2fshine-lover-vibrant-shine-lipstick-p394546%3fskuid%3d1678481%26country_switch%3dca,12/30/2016 21:26,2,5,0,0,0,0,0,0
http://www.sephora.com/?new_country=ca&orig_url=%2fshine-lover-vibrant-shine-lipstick-p394546%3fskuid%3d1678481%26country_switch%3dca,12/30/2016 21:26,2,5,0,0,0,0,0,0
http://www.harpersbazaar.com/beauty/makeup/g5640/best-pink-lipsticks/?slide=10,12/30/2016 21:25,2,5,0,0,0,0,0,1
http://www.sephora.com/color-lip-last-lipstick-p313004?skuid=1389014&icid2=products%20grid%3ap313004,12/30/2016 21:24,2,5,0,0,0,0,0,0
http://www.harpersbazaar.com/beauty/makeup/g5640/best-pink-lipsticks/,12/30/2016 21:23,2,5,0,0,0,0,0,1
http://www.sephora.com/color-lip-last-lipstick-p313004?skuid=1389014&icid2=products%20grid%3ap313004,12/30/2016 21:22,2,5,0,0,0,0,0,0
http://www.sephora.com/lipstick?ref=100006,12/30/2016 21:22,2,5,0,0,0,0,0,0
http://www.sephora.com/lipstick?ref=100006,12/30/2016 21:21,2,5,0,0,0,0,0,0
http://www.sephora.com/lipstick,12/30/2016 21:20,2,5,0,0,0,0,0,0
http://www.sephora.com/everlasting-love-liquid-lipstick-p384954?keyword=kat%20von%20d%20everlasting%20liquid%20lipstick%20p384954&skuid=1705052&_requestid=447196,12/30/2016 21:19,2,5,0,0,0,0,0,0
http://www.sephora.com/everlasting-love-liquid-lipstick-p384954?keyword=kat%20von%20d%20everlasting%20liquid%20lipstick%20p384954&skuid=1704949&_requestid=447196,12/30/2016 21:19,2,5,0,0,0,0,0,0
http://www.sephora.com/everlasting-love-liquid-lipstick-p384954?keyword=kat%20von%20d%20everlasting%20liquid%20lipstick%20p384954&skuid=1552363&_requestid=447196,12/30/2016 21:19,2,5,0,0,0,0,0,0
http://www.sephora.com/everlasting-love-liquid-lipstick-p384954?keyword=kat%20von%20d%20everlasting%20liquid%20lipstick%20p384954&skuid=1705052&_requestid=447196,12/30/2016 21:18,2,5,0,0,0,0,0,0
http://www.sephora.com/liquid-lipstick-p404831?keyword=anastasia%20beverly%20hills%20liquid%20lipstick%20p404831&skuid=1790740&_requestid=446883,12/30/2016 21:18,2,5,0,0,0,0,0,0
http://www.sephora.com/long-last-soft-matte-lipstick-p122690?skuid=1630987&icid2=products%20grid%3ap122690,12/30/2016 21:18,2,5,0,0,0,0,0,0
http://www.sephora.com/,12/30/2016 21:15,2,5,0,0,0,0,0,0
http://www.sephora.com/long-last-soft-matte-lipstick-p122690?skuid=1630961&icid2=products%20grid:p122690,12/30/2016 21:15,2,5,0,0,0,0,0,0
http://www.sephora.com/,12/30/2016 21:15,2,5,0,0,0,0,0,0
http://www.sephora.com/long-last-soft-matte-lipstick-p122690?skuid=1630961&icid2=products%20grid:p122690,12/30/2016 21:15,2,5,0,0,0,0,0,0
http://www.sephora.com/,12/30/2016 21:15,2,5,0,0,0,0,0,0
http://www.sephora.com/clinique?node=1050024,12/30/2016 21:14,2,5,0,0,1,0,0,0
https://www.buzzfeed.com/ariannarebolini/long-lasting-lipsticks-and-found-which-ones-actually-last?utm_term=.dyqakdapv4#.qopnr8nva9,12/30/2016 21:14,2,5,0,0,0,0,0,1
http://sephora.com/,12/30/2016 21:14,2,5,0,0,0,0,0,0
http://www.allure.com/review/stila-stay-all-day-liquid-lipstick,12/30/2016 21:14,2,5,0,0,0,0,0,1
http://www.allure.com/review/stila-stay-all-day-liquid-lipstick,12/30/2016 21:14,2,5,0,0,0,0,0,1
http://www.allure.com/review/obsessive-compulsive-cosmetics-lip-tar,12/30/2016 21:14,2,5,0,0,0,0,0,1
http://www.sephora.com/clinique?node=1050024,12/30/2016 21:14,2,5,0,0,1,0,0,0
http://shop.nordstrom.com/s/clinique-long-last-soft-shine-lipstick/3225069?origin=related-3225069-0-1-pp_4-rich_relevance_recs_api-113&recs_type=related&recs_productid=3225069&recs_categoryid=0&recs_productorder=1&recs_placementid=pp_4&recs_source=rich_relevance_recs_api&recs_strategy=113&recs_referringpagetype=item_page&cm_mmc=linkshare-_-partner-_-10-_-1&siteid=25zrsxypvyg-cso8gb3jdravfgiy4cx7vg,12/30/2016 21:14,2,5,0,0,1,0,0,0
http://www.sephora.com/clinique,12/30/2016 21:13,2,5,0,0,1,0,0,0
http://shop.nordstrom.com/s/clinique-long-last-soft-shine-lipstick/3225069?origin=related-3225069-0-1-pp_4-rich_relevance_recs_api-113&recs_type=related&recs_productid=3225069&recs_categoryid=0&recs_productorder=1&recs_placementid=pp_4&recs_source=rich_relevance_recs_api&recs_strategy=113&recs_referringpagetype=item_page&cm_mmc=linkshare-_-partner-_-10-_-1&siteid=25zrsxypvyg-cso8gb3jdravfgiy4cx7vg,12/30/2016 21:13,2,5,0,0,1,0,0,0
http://www.allure.com/review/stila-stay-all-day-liquid-lipstick,12/30/2016 21:13,2,5,0,0,0,0,0,1
http://www.allure.com/review/obsessive-compulsive-cosmetics-lip-tar,12/30/2016 21:13,2,5,0,0,0,0,0,1
http://www.allure.com/review/stila-stay-all-day-liquid-lipstick,12/30/2016 21:13,2,5,0,0,0,0,0,1
http://www.sephora.com/,12/30/2016 21:13,2,5,0,0,0,0,0,0
http://www.byrdie.com/best-long-wear-lipsticks/slide18,12/30/2016 21:12,2,5,0,0,0,0,0,1
http://shop.nordstrom.com/s/clinique-long-last-soft-shine-lipstick/3225069?origin=related-3225069-0-1-pp_4-rich_relevance_recs_api-113&recs_type=related&recs_productid=3225069&recs_categoryid=0&recs_productorder=1&recs_placementid=pp_4&recs_source=rich_relevance_recs_api&recs_strategy=113&recs_referringpagetype=item_page&cm_mmc=linkshare-_-partner-_-10-_-1&siteid=25zrsxypvyg-cso8gb3jdravfgiy4cx7vg,12/30/2016 21:12,2,5,0,0,1,0,0,0
http://www.byrdie.com/best-long-wear-lipsticks/slide16,12/30/2016 21:12,2,5,0,0,0,0,0,1
http://www.sephora.com/velvet-matte-lip-pencil-p78834?skuid=1323450&icid2=products%20grid%3ap78834,12/30/2016 21:12,2,5,0,0,0,0,0,0
http://www.byrdie.com/best-long-wear-lipsticks/slide8,12/30/2016 21:11,2,5,0,0,0,0,0,1
http://www.byrdie.com/best-long-wear-lipsticks,12/30/2016 21:10,2,5,0,0,0,0,0,1
https://www.buzzfeed.com/ariannarebolini/long-lasting-lipsticks-and-found-which-ones-actually-last?utm_term=.dyqakdapv4#.qopnr8nva9,12/30/2016 21:10,2,5,0,0,0,0,0,1
http://www.byrdie.com/best-long-wear-lipsticks,12/30/2016 21:10,2,5,0,0,0,0,0,1
http://www.sephora.com/velvet-matte-lip-pencil-p78834?skuid=1323450&icid2=products%20grid%3ap78834,12/30/2016 21:09,2,5,0,0,0,0,0,0
http://www.sephora.com/velvet-matte-lip-pencil-p78834?skuid=1072818&icid2=products%20grid%3ap78834,12/30/2016 21:05,2,5,0,0,0,0,0,0
http://www.sephora.com/search/search.jsp?keyword=nars%20matte&mode=all,12/30/2016 21:05,2,5,0,0,0,0,0,0
http://www.sephora.com/#,12/30/2016 21:05,2,5,0,0,0,0,0,0
http://www.sephora.com/,12/30/2016 21:05,2,5,0,0,0,0,0,0
http://www.allure.com/review/nars-velvet-matte-lip-pencil,12/30/2016 21:05,2,5,0,0,0,0,0,1
index=28,user_id=992.0,Time Difference,Weight,0,0,0,0,0,0
http://www.clinique.com/checkout/viewcart.tmpl,1/2/2017 3:46,0,7,1,0,0,0,0,0
http://www.clinique.com/product/1594/6271/makeup/bronzers/blended-face-powder-and-brush%3fcm_mmc%3dpaid_search-_-google-_-google_shopping-_-makeup+-+best+sellers,1/2/2017 3:45,0,7,0,0,0,0,0,0
https://www.sephora.com/checkout/confirm,1/2/2017 3:36,0,7,1,0,0,0,0,0
http://www.sephora.com/blotting-powder-perfector-p379128?skuid=1514280&icid2=products%20grid%3ap379128,1/2/2017 3:34,0,7,0,0,0,0,0,0
https://www.sephora.com/checkout/confirm,1/2/2017 3:33,0,7,1,0,0,0,0,0
http://www.sephora.com/blotting-powder-perfector-p379128?skuid=1514280&icid2=products%20grid%3ap379128,1/2/2017 3:32,0,7,0,0,0,0,0,0
http://www.sephora.com/search/saleresults.jsp?keyword=sale&sale=true&node=1050000,1/2/2017 3:32,0,7,0,0,0,0,0,0
http://www.sephora.com/?om_mmc=aff-linkshare-redirect-ndqa3okziiq&c3ch=linkshare&c3nid=ndqa3okziiq&affid=ndqa3okziiq-wiomqqfd2qafsu4csg5kjg&raneaid=ndqa3okziiq&ranmid=2417&ransiteid=ndqa3okziiq-wiomqqfd2qafsu4csg5kjg&ranlinkid=4-10001019&browserdefault=true&om_mmc=aff-linkshare-redirect-ayspbyf8vum&c3ch=linkshare&c3nid=ayspbyf8vum&affid=ayspbyf8vum-atjeg2o.tyh8iiwkk11tpg&raneaid=ayspbyf8vum&ranmid=2417&ransiteid=ayspbyf8vum-atjeg2o.tyh8iiwkk11tpg&ranlinkid=10-1&browserdefault=true,1/2/2017 3:32,0,7,0,0,0,0,0,0
https://www.sephora.com/checkout/confirm,1/2/2017 3:31,0,7,1,0,0,0,0,0
https://www.sephora.com/checkout/confirm,1/2/2017 3:30,0,7,1,0,0,0,0,0
https://www.sephora.com/basket/basket.jsp?om_mmc=aff-linkshare-redirect-ayspbyf8vum&c3ch=linkshare&c3nid=ayspbyf8vum&affid=ayspbyf8vum-ckfabtcnc2cmnqwcsk4xza&raneaid=ayspbyf8vum&ranmid=2417&ransiteid=ayspbyf8vum-ckfabtcnc2cmnqwcsk4xza&ranlinkid=10-1&browserdefault=true,1/2/2017 3:29,0,7,1,0,0,0,0,0
http://www.sephora.com/affiliates.jsp?site=linkshare&url=https%3a%2f%2fwww.sephora.com%2fbasket%2fbasket.jsp%3fom_mmc%3daff-linkshare-redirect-ayspbyf8vum%26c3ch%3dlinkshare%26c3nid%3dayspbyf8vum%26affid%3dayspbyf8vum-ckfabtcnc2cmnqwcsk4xza%26raneaid%3dayspbyf8vum%26ranmid%3d2417%26ransiteid%3dayspbyf8vum-ckfabtcnc2cmnqwcsk4xza%26ranlinkid%3d10-1%26browserdefault%3dtrue&siteid=ayspbyf8vum-ckfabtcnc2cmnqwcsk4xza,1/2/2017 3:29,0,7,1,0,0,0,0,0
https://www.sephora.com/basket/basket.jsp,1/2/2017 3:29,0,7,1,0,0,0,0,0
http://www.sephora.com/promotions-weekly-specials?icid2=homepage_weeklyspecials_retexture_122716_image,1/2/2017 3:29,0,7,0,0,0,0,0,0
https://www.sephora.com/basket/basket.jsp,1/2/2017 3:29,0,7,1,0,0,0,0,0
http://www.sephora.com/affiliates.jsp?site=linkshare&url=http%3a%2f%2fwww.sephora.com%2f%3fom_mmc%3daff-linkshare-redirect-ndqa3okziiq%26c3ch%3dlinkshare%26c3nid%3dndqa3okziiq%26affid%3dndqa3okziiq-zajspphwfeonezy8v129yq%26raneaid%3dndqa3okziiq%26ranmid%3d2417%26ransiteid%3dndqa3okziiq-zajspphwfeonezy8v129yq%26ranlinkid%3d4-10001019%26browserdefault%3dtrue&siteid=ndqa3okziiq-zajspphwfeonezy8v129yq,1/2/2017 3:29,0,7,0,0,0,0,0,0
http://www.sephora.com/?om_mmc=aff-linkshare-redirect-ndqa3okziiq&c3ch=linkshare&c3nid=ndqa3okziiq&affid=ndqa3okziiq-wiomqqfd2qafsu4csg5kjg&raneaid=ndqa3okziiq&ranmid=2417&ransiteid=ndqa3okziiq-wiomqqfd2qafsu4csg5kjg&ranlinkid=4-10001019&browserdefault=true&om_mmc=aff-linkshare-redirect-ayspbyf8vum&c3ch=linkshare&c3nid=ayspbyf8vum&affid=ayspbyf8vum-atjeg2o.tyh8iiwkk11tpg&raneaid=ayspbyf8vum&ranmid=2417&ransiteid=ayspbyf8vum-atjeg2o.tyh8iiwkk11tpg&ranlinkid=10-1&browserdefault=true,1/2/2017 3:28,0,7,0,0,0,0,0,0
http://www.sephora.com/affiliates.jsp?site=linkshare&url=http%3a%2f%2fwww.sephora.com%2f%3fom%5fmmc%3daff%2dlinkshare%2dredirect%2dndqa3okziiq%26c3ch%3dlinkshare%26c3nid%3dndqa3okziiq%26affid%3dndqa3okziiq%2dwiomqqfd2qafsu4csg5kjg%26raneaid%3dndqa3okziiq%26ranmid%3d2417%26ransiteid%3dndqa3okziiq%2dwiomqqfd2qafsu4csg5kjg%26ranlinkid%3d4%2d10001019%26browserdefault%3dtrue%26om_mmc%3daff-linkshare-redirect-ayspbyf8vum%26c3ch%3dlinkshare%26c3nid%3dayspbyf8vum%26affid%3dayspbyf8vum-atjeg2o.tyh8iiwkk11tpg%26raneaid%3dayspbyf8vum%26ranmid%3d2417%26ransiteid%3dayspbyf8vum-atjeg2o.tyh8iiwkk11tpg%26ranlinkid%3d10-1%26browserdefault%3dtrue&siteid=ayspbyf8vum-atjeg2o.tyh8iiwkk11tpg,1/2/2017 3:28,0,7,0,0,0,0,0,0
http://www.sephora.com/?om_mmc=aff-linkshare-redirect-ndqa3okziiq&c3ch=linkshare&c3nid=ndqa3okziiq&affid=ndqa3okziiq-wiomqqfd2qafsu4csg5kjg&raneaid=ndqa3okziiq&ranmid=2417&ransiteid=ndqa3okziiq-wiomqqfd2qafsu4csg5kjg&ranlinkid=4-10001019&browserdefault=true#,1/2/2017 3:28,0,7,0,0,0,0,0,0
http://www.sephora.com/affiliates.jsp?site=linkshare&url=http%3a%2f%2fwww.sephora.com%2f%3fom_mmc%3daff-linkshare-redirect-ndqa3okziiq%26c3ch%3dlinkshare%26c3nid%3dndqa3okziiq%26affid%3dndqa3okziiq-wiomqqfd2qafsu4csg5kjg%26raneaid%3dndqa3okziiq%26ranmid%3d2417%26ransiteid%3dndqa3okziiq-wiomqqfd2qafsu4csg5kjg%26ranlinkid%3d4-10001019%26browserdefault%3dtrue&siteid=ndqa3okziiq-wiomqqfd2qafsu4csg5kjg,1/2/2017 3:28,0,7,0,0,0,0,0,0
http://www.sephora.com/,1/2/2017 3:28,0,7,0,0,0,0,0,0
http://www.imdb.com/name/nm0692013/?ref_=ttfc_fc_cl_t32,1/1/2017 6:25,0,7,0,0,0,0,0,0
http://www.imdb.com/title/tt1844624/fullcredits?ref_=tt_cl_sm#cast,1/1/2017 6:25,0,7,0,0,0,0,0,0
http://www.imdb.com/title/tt1844624/?ref_=nv_sr_1,1/1/2017 6:25,0,7,0,0,0,0,0,0
http://www.imdb.com/title/tt2294189/,1/1/2017 6:25,0,7,0,0,0,0,0,0
http://www.sephora.com/amuse-bouche-lipstick-p405057?skuid=1796648,1/1/2017 2:41,1,6,0,0,0,0,0,0
http://www.sephora.com/amuse-bouche-lipstick-p405057?skuid=1796622,1/1/2017 1:54,1,6,0,0,0,0,0,0
http://www.sephora.com/opal-creme-lipstick-p398401?keyword=bite%20beauty%20opal%20cr%c3%a8me%20lipstick%20p398401&skuid=1718733&_requestid=575742,1/1/2017 1:54,1,6,0,0,0,0,0,0
http://www.sephora.com/big-sexy-bold-gel-lipstick-p398927?keyword=buxom%20big%20%26%20sexy%e2%84%a2%20bold%20gel%20lipstick%20p398927&skuid=1740083&_requestid=575533,1/1/2017 1:53,1,6,0,0,0,0,0,0
http://www.sephora.com/,1/1/2017 1:53,1,6,0,0,0,0,0,0
http://www.sephora.com/,1/1/2017 1:53,1,6,0,0,0,0,0,0
http://www.temptalia.com/urban-decay-criminal-rejected-wrong-number-sheer-liar-ravenswood-vice-lipsticks-reviews-photos-swatches/,12/31/2016 19:11,1,6,0,0,0,0,0,1
http://www.temptalia.com/product/urban-decay-revolution-lipstick/liar/,12/31/2016 19:11,1,6,0,0,0,0,0,1
http://www.temptalia.com/urban-decay-criminal-rejected-wrong-number-sheer-liar-ravenswood-vice-lipsticks-reviews-photos-swatches/,12/31/2016 19:11,1,6,0,0,0,0,0,1
http://www.temptalia.com/product/urban-decay-revolution-lipstick/liar/,12/31/2016 19:11,1,6,0,0,0,0,0,1
http://www.temptalia.com/urban-decay-criminal-rejected-wrong-number-sheer-liar-ravenswood-vice-lipsticks-reviews-photos-swatches/,12/31/2016 19:10,1,6,0,0,0,0,0,1
http://www.temptalia.com/urban-decay-criminal-rejected-wrong-number-sheer-liar-ravenswood-vice-lipsticks-reviews-photos-swatches/,12/31/2016 19:09,1,6,0,0,0,0,0,1
http://www.temptalia.com/product/urban-decay-revolution-lipstick/liar/,12/31/2016 19:08,1,6,0,0,0,0,0,1
http://www.temptalia.com/urban-decay-criminal-rejected-wrong-number-sheer-liar-ravenswood-vice-lipsticks-reviews-photos-swatches/,12/31/2016 19:08,1,6,0,0,0,0,0,1
http://www.temptalia.com/product/urban-decay-revolution-lipstick/liar/,12/31/2016 19:08,1,6,0,0,0,0,0,1
http://www.temptalia.com/urban-decay-criminal-rejected-wrong-number-sheer-liar-ravenswood-vice-lipsticks-reviews-photos-swatches/,12/31/2016 19:07,1,6,0,0,0,0,0,1
http://www.temptalia.com/urban-decay-criminal-rejected-wrong-number-sheer-liar-ravenswood-vice-lipsticks-reviews-photos-swatches/,12/31/2016 19:04,1,6,0,0,0,0,0,1
http://www.sephora.com/sugar-lip-treatment-spf-15-p57002?keyword=fresh%20sugar%20lip%20treatment%20sunscreen%20spf%2015%20p57002&skuid=1190529&_requestid=500330,12/30/2016 22:24,2,5,0,0,0,0,0,0
http://www.sephora.com/sugar-lip-treatment-spf-15-p57002?keyword=fresh%20sugar%20lip%20treatment%20sunscreen%20spf%2015%20p57002&skuid=683847&_requestid=500330,12/30/2016 22:23,2,5,0,0,0,0,0,0
http://www.sephora.com/,12/30/2016 22:22,2,5,0,0,0,0,0,0
http://www.sephora.com/,12/30/2016 22:22,2,5,0,0,0,0,0,0
https://www.buzzfeed.com/ariannarebolini/long-lasting-lipsticks-and-found-which-ones-actually-last?utm_term=.dyqakdapv4#.qopnr8nva9,12/30/2016 21:43,2,5,0,0,0,0,0,1
http://www.sephora.com/lipstick?ref=100006%2c100051%2c9010004&sortby=p_rating%3a1%3a%3ap_prod_name%3a0%3a%3ap_default_sku%3a1,12/30/2016 21:38,2,5,0,0,0,0,0,0
http://www.sephora.com/lipstick?ref=100006%2c100051%2c9010004&sortby=p_rating%3a1%3a%3ap_prod_name%3a0%3a%3ap_default_sku%3a1,12/30/2016 21:37,2,5,0,0,0,0,0,0
http://www.sephora.com/lipstick?ref=100006%2c100051%2c9010004&sortby=p_rating%3a1%3a%3ap_prod_name%3a0%3a%3ap_default_sku%3a1,12/30/2016 21:33,2,5,0,0,0,0,0,0
http://www.sephora.com/rouge-matte-lipstick-p408604?skuid=1764414&icid2=products%20grid:p408604,12/30/2016 21:33,2,5,0,0,0,0,0,0
http://www.sephora.com/liquid-lipstick?ref=100006&sortby=p_rating%3a1%3a%3ap_prod_name%3a0%3a%3ap_default_sku%3a1,12/30/2016 21:31,2,5,0,0,0,0,0,0
http://www.sephora.com/liquid-lipstick#,12/30/2016 21:26,2,5,0,0,0,0,0,0
http://www.sephora.com/?new_country=ca&orig_url=%2fshine-lover-vibrant-shine-lipstick-p394546%3fskuid%3d1678481%26country_switch%3dca,12/30/2016 21:26,2,5,0,0,0,0,0,0
http://www.sephora.com/?new_country=ca&orig_url=%2fshine-lover-vibrant-shine-lipstick-p394546%3fskuid%3d1678481%26country_switch%3dca,12/30/2016 21:26,2,5,0,0,0,0,0,0
http://www.sephora.com/?new_country=ca&orig_url=%2fshine-lover-vibrant-shine-lipstick-p394546%3fskuid%3d1678481%26country_switch%3dca,12/30/2016 21:26,2,5,0,0,0,0,0,0
http://www.harpersbazaar.com/beauty/makeup/g5640/best-pink-lipsticks/?slide=10,12/30/2016 21:25,2,5,0,0,0,0,0,1
http://www.sephora.com/color-lip-last-lipstick-p313004?skuid=1389014&icid2=products%20grid%3ap313004,12/30/2016 21:24,2,5,0,0,0,0,0,0
http://www.harpersbazaar.com/beauty/makeup/g5640/best-pink-lipsticks/,12/30/2016 21:23,2,5,0,0,0,0,0,1
http://www.sephora.com/color-lip-last-lipstick-p313004?skuid=1389014&icid2=products%20grid%3ap313004,12/30/2016 21:22,2,5,0,0,0,0,0,0
http://www.sephora.com/lipstick?ref=100006,12/30/2016 21:22,2,5,0,0,0,0,0,0
http://www.sephora.com/lipstick?ref=100006,12/30/2016 21:21,2,5,0,0,0,0,0,0
http://www.sephora.com/lipstick,12/30/2016 21:20,2,5,0,0,0,0,0,0
http://www.sephora.com/everlasting-love-liquid-lipstick-p384954?keyword=kat%20von%20d%20everlasting%20liquid%20lipstick%20p384954&skuid=1705052&_requestid=447196,12/30/2016 21:19,2,5,0,0,0,0,0,0
http://www.sephora.com/everlasting-love-liquid-lipstick-p384954?keyword=kat%20von%20d%20everlasting%20liquid%20lipstick%20p384954&skuid=1704949&_requestid=447196,12/30/2016 21:19,2,5,0,0,0,0,0,0
http://www.sephora.com/everlasting-love-liquid-lipstick-p384954?keyword=kat%20von%20d%20everlasting%20liquid%20lipstick%20p384954&skuid=1552363&_requestid=447196,12/30/2016 21:19,2,5,0,0,0,0,0,0
http://www.sephora.com/everlasting-love-liquid-lipstick-p384954?keyword=kat%20von%20d%20everlasting%20liquid%20lipstick%20p384954&skuid=1705052&_requestid=447196,12/30/2016 21:18,2,5,0,0,0,0,0,0
http://www.sephora.com/liquid-lipstick-p404831?keyword=anastasia%20beverly%20hills%20liquid%20lipstick%20p404831&skuid=1790740&_requestid=446883,12/30/2016 21:18,2,5,0,0,0,0,0,0
http://www.sephora.com/long-last-soft-matte-lipstick-p122690?skuid=1630987&icid2=products%20grid%3ap122690,12/30/2016 21:18,2,5,0,0,0,0,0,0
http://www.sephora.com/,12/30/2016 21:15,2,5,0,0,0,0,0,0
http://www.sephora.com/long-last-soft-matte-lipstick-p122690?skuid=1630961&icid2=products%20grid:p122690,12/30/2016 21:15,2,5,0,0,0,0,0,0
http://www.sephora.com/,12/30/2016 21:15,2,5,0,0,0,0,0,0
http://www.sephora.com/long-last-soft-matte-lipstick-p122690?skuid=1630961&icid2=products%20grid:p122690,12/30/2016 21:15,2,5,0,0,0,0,0,0
http://www.sephora.com/,12/30/2016 21:15,2,5,0,0,0,0,0,0
http://www.sephora.com/clinique?node=1050024,12/30/2016 21:14,2,5,0,0,1,0,0,0
https://www.buzzfeed.com/ariannarebolini/long-lasting-lipsticks-and-found-which-ones-actually-last?utm_term=.dyqakdapv4#.qopnr8nva9,12/30/2016 21:14,2,5,0,0,0,0,0,1
http://sephora.com/,12/30/2016 21:14,2,5,0,0,0,0,0,0
http://www.allure.com/review/stila-stay-all-day-liquid-lipstick,12/30/2016 21:14,2,5,0,0,0,0,0,1
http://www.allure.com/review/stila-stay-all-day-liquid-lipstick,12/30/2016 21:14,2,5,0,0,0,0,0,1
http://www.allure.com/review/obsessive-compulsive-cosmetics-lip-tar,12/30/2016 21:14,2,5,0,0,0,0,0,1
http://www.sephora.com/clinique?node=1050024,12/30/2016 21:14,2,5,0,0,1,0,0,0
http://shop.nordstrom.com/s/clinique-long-last-soft-shine-lipstick/3225069?origin=related-3225069-0-1-pp_4-rich_relevance_recs_api-113&recs_type=related&recs_productid=3225069&recs_categoryid=0&recs_productorder=1&recs_placementid=pp_4&recs_source=rich_relevance_recs_api&recs_strategy=113&recs_referringpagetype=item_page&cm_mmc=linkshare-_-partner-_-10-_-1&siteid=25zrsxypvyg-cso8gb3jdravfgiy4cx7vg,12/30/2016 21:14,2,5,0,0,1,0,0,0
http://www.sephora.com/clinique,12/30/2016 21:13,2,5,0,0,1,0,0,0
http://shop.nordstrom.com/s/clinique-long-last-soft-shine-lipstick/3225069?origin=related-3225069-0-1-pp_4-rich_relevance_recs_api-113&recs_type=related&recs_productid=3225069&recs_categoryid=0&recs_productorder=1&recs_placementid=pp_4&recs_source=rich_relevance_recs_api&recs_strategy=113&recs_referringpagetype=item_page&cm_mmc=linkshare-_-partner-_-10-_-1&siteid=25zrsxypvyg-cso8gb3jdravfgiy4cx7vg,12/30/2016 21:13,2,5,0,0,1,0,0,0
http://www.allure.com/review/stila-stay-all-day-liquid-lipstick,12/30/2016 21:13,2,5,0,0,0,0,0,1
http://www.allure.com/review/obsessive-compulsive-cosmetics-lip-tar,12/30/2016 21:13,2,5,0,0,0,0,0,1
http://www.allure.com/review/stila-stay-all-day-liquid-lipstick,12/30/2016 21:13,2,5,0,0,0,0,0,1
http://www.sephora.com/,12/30/2016 21:13,2,5,0,0,0,0,0,0
http://www.byrdie.com/best-long-wear-lipsticks/slide18,12/30/2016 21:12,2,5,0,0,0,0,0,1
http://shop.nordstrom.com/s/clinique-long-last-soft-shine-lipstick/3225069?origin=related-3225069-0-1-pp_4-rich_relevance_recs_api-113&recs_type=related&recs_productid=3225069&recs_categoryid=0&recs_productorder=1&recs_placementid=pp_4&recs_source=rich_relevance_recs_api&recs_strategy=113&recs_referringpagetype=item_page&cm_mmc=linkshare-_-partner-_-10-_-1&siteid=25zrsxypvyg-cso8gb3jdravfgiy4cx7vg,12/30/2016 21:12,2,5,0,0,1,0,0,0
http://www.byrdie.com/best-long-wear-lipsticks/slide16,12/30/2016 21:12,2,5,0,0,0,0,0,1
http://www.sephora.com/velvet-matte-lip-pencil-p78834?skuid=1323450&icid2=products%20grid%3ap78834,12/30/2016 21:12,2,5,0,0,0,0,0,0
http://www.byrdie.com/best-long-wear-lipsticks/slide8,12/30/2016 21:11,2,5,0,0,0,0,0,1
http://www.byrdie.com/best-long-wear-lipsticks,12/30/2016 21:10,2,5,0,0,0,0,0,1
https://www.buzzfeed.com/ariannarebolini/long-lasting-lipsticks-and-found-which-ones-actually-last?utm_term=.dyqakdapv4#.qopnr8nva9,12/30/2016 21:10,2,5,0,0,0,0,0,1
http://www.byrdie.com/best-long-wear-lipsticks,12/30/2016 21:10,2,5,0,0,0,0,0,1
http://www.sephora.com/velvet-matte-lip-pencil-p78834?skuid=1323450&icid2=products%20grid%3ap78834,12/30/2016 21:09,2,5,0,0,0,0,0,0
http://www.sephora.com/velvet-matte-lip-pencil-p78834?skuid=1072818&icid2=products%20grid%3ap78834,12/30/2016 21:05,2,5,0,0,0,0,0,0
http://www.sephora.com/search/search.jsp?keyword=nars%20matte&mode=all,12/30/2016 21:05,2,5,0,0,0,0,0,0
http://www.sephora.com/#,12/30/2016 21:05,2,5,0,0,0,0,0,0
http://www.sephora.com/,12/30/2016 21:05,2,5,0,0,0,0,0,0
http://www.allure.com/review/nars-velvet-matte-lip-pencil,12/30/2016 21:05,2,5,0,0,0,0,0,1
http://www.sephora.com/lip-stain,12/30/2016 1:49,3,4,0,0,0,0,0,0
http://www.sephora.com/lip-stain,12/29/2016 23:42,3,4,0,0,0,0,0,0
http://www.marieclaire.com/beauty/news/g4328/cheap-celebrity-beauty-buys/?utm_campaign=trueanthem:+trending+content&utm_content=586588cb04d3016fd6138e5f&utm_medium=trueanthem&utm_source=twitter,12/29/2016 22:36,3,4,0,0,0,0,0,1
http://www.marieclaire.com/beauty/news/g4328/cheap-celebrity-beauty-buys/?utm_campaign=trueanthem:+trending+content&utm_content=586588cb04d3016fd6138e5f&utm_medium=trueanthem&utm_source=twitter,12/29/2016 22:31,3,4,0,0,0,0,0,1
http://www.marieclaire.com/beauty/news/g4328/cheap-celebrity-beauty-buys/?utm_campaign=trueanthem:+trending+content&utm_content=586588cb04d3016fd6138e5f&utm_medium=trueanthem&utm_source=twitter,12/29/2016 22:31,3,4,0,0,0,0,0,1
https://www.buzzfeed.com/jasminnahar/hilarious-and-heartwarming-tweets-that-prove-love-definit?utm_term=.thb2xq2k6r&bffbvid#.gyovb9vnak,12/29/2016 21:32,3,4,0,0,0,0,0,1
https://www.buzzfeed.com/jasminnahar/hilarious-and-heartwarming-tweets-that-prove-love-definit?utm_term=.thb2xq2k6r&bffbvid#.gyovb9vnak,12/29/2016 21:28,3,4,0,0,0,0,0,1
https://www.yelp.com/biz/venus-experience-new-orleans,12/29/2016 21:26,3,4,0,0,0,0,0,0
https://www.buzzfeed.com/jasminnahar/hilarious-and-heartwarming-tweets-that-prove-love-definit?utm_term=.thb2xq2k6r&bffbvid#.gyovb9vnak,12/29/2016 20:37,3,4,0,0,0,0,0,1
http://www.allure.com/story/new-kat-von-d-everlasting-liquid-lipstick-shades-spring-2017,12/29/2016 20:22,3,4,0,0,0,0,0,1
http://www.allure.com/story/makeup-for-acne,12/29/2016 20:22,3,4,0,0,0,0,0,1
http://www.allure.com/story/makeup-for-acne,12/29/2016 20:22,3,4,0,0,0,0,0,1
http://www.allure.com/story/makeup-for-acne,12/29/2016 20:22,3,4,0,0,0,0,0,1
http://www.allure.com/story/new-kat-von-d-everlasting-liquid-lipstick-shades-spring-2017,12/29/2016 20:21,3,4,0,0,0,0,0,1
http://www.allure.com/story/new-kat-von-d-everlasting-liquid-lipstick-shades-spring-2017,12/29/2016 20:21,3,4,0,0,0,0,0,1
http://www.byrdie.com/skincare-trends-2017?utm_source=newsletter&utm_medium=email&utm_campaign=byrdie+december+29+2016+skincare+trends,12/29/2016 20:20,3,4,0,0,0,0,0,1
http://www.byrdie.com/skincare-trends-2017?utm_source=newsletter&utm_medium=email&utm_campaign=byrdie+december+29+2016+skincare+trends,12/29/2016 20:17,3,4,0,0,0,0,0,1
http://www.byrdie.com/skincare-trends-2017?utm_source=newsletter&utm_medium=email&utm_campaign=byrdie+december+29+2016+skincare+trends,12/29/2016 20:15,3,4,0,0,0,0,0,1
https://www.yelp.com/biz/blanc-beauty-bar-new-orleans,12/29/2016 20:14,3,4,0,0,0,0,0,0
https://www.yelp.com/biz/blanc-beauty-bar-new-orleans,12/29/2016 20:10,3,4,0,0,0,0,0,0
https://www.yelp.com/biz/lillys-nails-and-spa-new-orleans?search_key=13086,12/29/2016 20:05,3,4,0,0,0,0,0,0
https://www.yelp.com/biz/lillys-nails-and-spa-new-orleans?search_key=13086,12/29/2016 20:00,3,4,0,0,0,0,0,0
https://www.yelp.com/search?cflt=othersalons&find_loc=new+orleans%2c+la,12/29/2016 20:00,3,4,0,0,0,0,0,0
http://www.allure.com/story/makeup-for-acne,12/29/2016 5:42,3,4,0,0,0,0,0,1
http://www.sephora.com/cicapair-tiger-grass-color-correcting-treatment-spf-30-p411540?utm_source=bam&utm_medium=campaign&utm_content=bam_premium_campaign&,12/29/2016 5:41,3,4,0,0,0,0,0,0
http://www.sephora.com/dermaclear-micro-milk-peel-p411817?utm_source=bam&utm_medium=campaign&utm_content=bam_premium_campaign&,12/29/2016 5:41,3,4,0,0,0,0,0,0
http://www.sephora.com/dermaclear-micro-milk-peel-p411817?utm_source=bam&utm_medium=campaign&utm_content=bam_premium_campaign&,12/29/2016 5:41,3,4,0,0,0,0,0,0
http://www.allure.com/story/makeup-for-acne,12/29/2016 5:39,3,4,0,0,0,0,0,1
http://www.allure.com/story/how-to-use-false-lashes,12/29/2016 5:38,3,4,0,0,0,0,0,1
http://www.allure.com/review/look-masque-bar-brightening-mask,12/29/2016 5:26,3,4,0,0,0,0,0,1
http://www.allure.com/review/look-masque-bar-brightening-mask,12/29/2016 5:25,3,4,0,0,0,0,0,1
http://www.allure.com/gallery/ten-anti-aging-drugstore-products-under-30,12/29/2016 5:25,3,4,0,0,0,0,0,1
http://www.allure.com/story/80s-fashion-trend-for-2017,12/29/2016 5:25,3,4,0,0,0,0,0,1
https://www.buzzfeed.com/carolinekee/how-gross-is-your-bathroom-compared-to-other-people?bffbquiz&utm_term=.xdn0qk0djy#.ytbxg6xzkb,12/29/2016 5:21,3,4,0,0,0,0,0,1
https://www.buzzfeed.com/carolinekee/how-gross-is-your-bathroom-compared-to-other-people?bffbquiz&utm_term=.xdn0qk0djy#.ytbxg6xzkb,12/29/2016 5:18,3,4,0,0,0,0,0,1
http://www.sephora.com/new-beauty-products?icid2=homepage_quicklink_justarrived_01.06.15_link,12/29/2016 5:15,3,4,0,0,0,0,0,0
http://www.sephora.com/,12/29/2016 5:15,3,4,0,0,0,0,0,0
https://www.sephora.com/basket/basket.jsp,12/29/2016 5:15,3,4,1,0,0,0,0,0
https://www.sephora.com/basket/basket.jsp,12/29/2016 4:34,3,4,1,0,0,0,0,0
https://www.sephora.com/basket/basket.jsp,12/29/2016 4:19,3,4,1,0,0,0,0,0
http://www.sephora.com/promotions-weekly-specials?icid2=homepage_weeklyspecials_retexture_122716_image,12/29/2016 4:19,3,4,0,0,0,0,0,0
http://www.sephora.com/25-deluxe-samples-2016?icid2=bd_25minis_120116_banner_image,12/29/2016 4:18,3,4,0,0,0,0,0,0
http://www.sephora.com/promotions-weekly-specials?icid2=homepage_weeklyspecials_retexture_122716_image,12/29/2016 4:18,3,4,0,0,0,0,0,0
http://www.sephora.com/promotions-weekly-specials?icid2=homepage_weeklyspecials_retexture_122716_image,12/29/2016 4:18,3,4,0,0,0,0,0,0
http://www.sephora.com/,12/29/2016 4:18,3,4,0,0,0,0,0,0
http://www.sephora.com/,12/29/2016 4:18,3,4,0,0,0,0,0,0
https://www.sephora.com/basket/basket.jsp,12/29/2016 4:17,3,4,1,0,0,0,0,0
https://www.sephora.com/basket/basket.jsp,12/29/2016 4:17,3,4,1,0,0,0,0,0
https://www.sephora.com/basket/basket.jsp,12/29/2016 4:16,3,4,1,0,0,0,0,0
https://www.sephora.com/basket/basket.jsp,12/29/2016 4:16,3,4,1,0,0,0,0,0
http://www.sephora.com/rewards,12/29/2016 4:16,3,4,0,0,0,0,0,0
http://www.sephora.com/about-beauty-insider,12/29/2016 4:16,3,4,0,0,0,0,0,0
http://www.sephora.com/naked3-p384099?skuid=1573336&icid2=products%20grid:p384099,12/29/2016 4:15,3,4,0,0,0,0,0,0
http://www.sephora.com/alchemist-holographic-palette-p415232?skuid=1890615&icid2=just_arrived_toplevel_us_skugrid:p415232,12/29/2016 4:15,3,4,0,0,0,0,0,0
http://www.sephora.com/alchemist-holographic-palette-p415232?skuid=1890615&icid2=just_arrived_toplevel_us_skugrid:p415232,12/29/2016 4:15,3,4,0,0,0,0,0,0
http://www.sephora.com/new-beauty-products?icid2=homepage_quicklink_justarrived_01.06.15_link,12/29/2016 4:14,3,4,0,0,0,0,0,0
http://www.sephora.com/new-beauty-products?icid2=homepage_quicklink_justarrived_01.06.15_link,12/29/2016 4:14,3,4,0,0,0,0,0,0
http://www.sephora.com/?om_mmc=aff-linkshare-redirect-ayspbyf8vum&c3ch=linkshare&c3nid=ayspbyf8vum&affid=ayspbyf8vum-hu9tnu47lxpoce2nxwdsig&raneaid=ayspbyf8vum&ranmid=2417&ransiteid=ayspbyf8vum-hu9tnu47lxpoce2nxwdsig&ranlinkid=10-1&browserdefault=true,12/29/2016 4:13,3,4,0,0,0,0,0,0
http://www.sephora.com/affiliates.jsp?site=linkshare&url=http%3a%2f%2fwww.sephora.com%2f%3fom_mmc%3daff-linkshare-redirect-ayspbyf8vum%26c3ch%3dlinkshare%26c3nid%3dayspbyf8vum%26affid%3dayspbyf8vum-hu9tnu47lxpoce2nxwdsig%26raneaid%3dayspbyf8vum%26ranmid%3d2417%26ransiteid%3dayspbyf8vum-hu9tnu47lxpoce2nxwdsig%26ranlinkid%3d10-1%26browserdefault%3dtrue&siteid=ayspbyf8vum-hu9tnu47lxpoce2nxwdsig,12/29/2016 4:13,3,4,0,0,0,0,0,0
http://nouveaucheap.blogspot.com/2015/03/review-loreal-colour-riche-la-palette.html,12/29/2016 4:10,3,4,0,0,0,0,1,1
http://nouveaucheap.blogspot.com/2015/03/review-loreal-colour-riche-la-palette.html,12/29/2016 4:07,3,4,0,0,0,0,1,1
http://nouveaucheap.blogspot.com/2015/04/review-maybelline-blushed-nudes.html,12/29/2016 4:06,3,4,0,0,0,0,1,1
http://nouveaucheap.blogspot.com/2015/04/review-maybelline-blushed-nudes.html,12/29/2016 4:05,3,4,0,0,0,0,1,1
https://www.buzzfeed.com/treyegreen/amazon-wish-list-december-26-2016?bffbmain&ref=bffbmain&utm_term=.hn7dmxdrod#.sbo8gv87kl,12/28/2016 15:07,4,3,0,0,0,0,0,1
https://www.buzzfeed.com/treyegreen/amazon-wish-list-december-26-2016?bffbmain&ref=bffbmain&utm_term=.hn7dmxdrod#.sbo8gv87kl,12/28/2016 15:05,4,3,0,0,0,0,0,1
https://www.buzzfeed.com/treyegreen/amazon-wish-list-december-26-2016?bffbmain&ref=bffbmain&utm_term=.hn7dmxdrod#.sbo8gv87kl,12/28/2016 15:05,4,3,0,0,0,0,0,1
index=29,user_id=992.0,Time Difference,Weight,0,0,0,0,0,0
https://www.buzzfeed.com/treyegreen/amazon-wish-list-december-26-2016?bffbmain&ref=bffbmain&utm_term=.hn7dmxdrod#.sbo8gv87kl,12/28/2016 15:07,0,7,0,0,0,0,0,1
https://www.buzzfeed.com/treyegreen/amazon-wish-list-december-26-2016?bffbmain&ref=bffbmain&utm_term=.hn7dmxdrod#.sbo8gv87kl,12/28/2016 15:05,0,7,0,0,0,0,0,1
https://www.buzzfeed.com/treyegreen/amazon-wish-list-december-26-2016?bffbmain&ref=bffbmain&utm_term=.hn7dmxdrod#.sbo8gv87kl,12/28/2016 15:05,0,7,0,0,0,0,0,1
http://www.allure.com/gallery/best-of-beauty-big-breakthroughs-2011,12/26/2016 4:15,2,5,0,0,0,0,0,1
http://www.purewow.com/beauty/beauty-products-to-save-on?utm_medium=social&utm_source=facebook&utm_campaign=organic&utm_content=main&utm_term=evergreen,12/26/2016 2:42,2,5,0,0,0,0,0,1
http://www.byrdie.com/led-light-masks?utm_source=twitter-owned&utm_medium=social&ref=tw,12/26/2016 2:41,2,5,0,0,0,0,0,1
http://www.instyle.com/beauty/skin/sebaceous-filaments?xid=soc_socialflow_twitter_instyle,12/26/2016 2:41,2,5,0,0,0,0,0,1
http://www.popsugar.com/beauty/beauty-balms-36018240#photo-36018257,12/26/2016 2:41,2,5,0,0,0,0,0,1
http://www.byrdie.com/led-light-masks?utm_source=twitter-owned&utm_medium=social&ref=tw,12/26/2016 2:40,2,5,0,0,0,0,0,1
http://www.instyle.com/beauty/skin/sebaceous-filaments?xid=soc_socialflow_twitter_instyle,12/26/2016 2:40,2,5,0,0,0,0,0,1
http://www.popsugar.com/beauty/beauty-balms-36018240#photo-36018240,12/26/2016 2:40,2,5,0,0,0,0,0,1
http://www.instyle.com/beauty/skin/sebaceous-filaments?xid=soc_socialflow_twitter_instyle,12/26/2016 2:40,2,5,0,0,0,0,0,1
http://www.popsugar.com/beauty/beauty-balms-36018240#photo-36018240,12/26/2016 2:40,2,5,0,0,0,0,0,1
http://www.allure.com/story/beauty-pie-cosmetics,12/26/2016 2:38,2,5,0,0,0,0,0,1
http://www.allure.com/story/color-correcting-acne-scars,12/26/2016 2:38,2,5,0,0,0,0,0,1
http://www.allure.com/story/color-correcting-acne-scars,12/26/2016 2:37,2,5,0,0,0,0,0,1
http://www.allure.com/story/color-correcting-acne-scars,12/26/2016 2:36,2,5,0,0,0,0,0,1
http://www.allure.com/gallery/best-foundation-winners,12/26/2016 2:36,2,5,0,0,0,0,0,1
https://www.buzzfeed.com/essencegant/moisturizers-for-people-with-oily-skin?utm_term=.mjkp8gpdxq#.jommz4mrnp,12/26/2016 2:35,2,5,0,0,0,0,0,1
http://www.allure.com/story/color-correcting-acne-scars,12/26/2016 2:35,2,5,0,0,0,0,0,1
https://www.buzzfeed.com/essencegant/moisturizers-for-people-with-oily-skin?utm_term=.mjkp8gpdxq#.jommz4mrnp,12/26/2016 2:35,2,5,0,0,0,0,0,1
http://www.allure.com/story/color-correcting-acne-scars,12/26/2016 2:35,2,5,0,0,0,0,0,1
http://www.allure.com/gallery/best-foundation-winners,12/26/2016 2:35,2,5,0,0,0,0,0,1
https://www.buzzfeed.com/essencegant/moisturizers-for-people-with-oily-skin,12/26/2016 2:35,2,5,0,0,0,0,0,1
http://www.allure.com/gallery/best-foundation-winners,12/26/2016 2:35,2,5,0,0,0,0,0,1
https://www.buzzfeed.com/maitlandquitmeyer/dainty-jewelry-youll-wear-every-day?utm_term=.lqmdpgdblo#.clqzaazzrj,12/26/2016 2:32,2,5,0,0,0,0,0,1
http://www.allure.com/story/best-diy-beauty-hacks-ever,12/26/2016 2:32,2,5,0,0,0,0,0,1
http://www.allure.com/story/best-diy-beauty-hacks-ever,12/26/2016 2:32,2,5,0,0,0,0,0,1
https://www.buzzfeed.com/maitlandquitmeyer/dainty-jewelry-youll-wear-every-day?utm_term=.lqmdpgdblo#.clqzaazzrj,12/26/2016 2:32,2,5,0,0,0,0,0,1
http://www.allure.com/story/best-diy-beauty-hacks-ever,12/26/2016 2:32,2,5,0,0,0,0,0,1
http://www.buzzfeed.com/maitlandquitmeyer/dainty-jewelry-youll-wear-every-day,12/26/2016 2:32,2,5,0,0,0,0,0,1
http://www.clinique.com/product/1667/21189/skin-care/superdefense-age-defense-eye-cream-broad-spectrum-spf-20,12/26/2016 1:07,2,5,0,0,0,0,0,0
http://www.clinique.com/hot-lists?cm_mmc=email-_-dec-_-2016.12.25-_-offers_lbr,12/26/2016 1:07,2,5,0,0,0,0,0,0
http://www.clinique.com/hot-lists?cm_mmc=email-_-dec-_-2016.12.25-_-offers_lbr,12/26/2016 1:06,2,5,0,0,0,0,0,0
http://www.clinique.com/shared/lbr_landing.tmpl?link=/o_/_/cust/1-2005465043-fff92d00dd71e3b9c921c2af79d7d8d07de8fa2c/go/%252fhot%252dlists%253fcm_mmc%253demail%252d_%252ddec%252d_%252d2016%252e12%252e25%252d_%252doffers_lbr,12/26/2016 1:06,2,5,0,0,0,0,0,0
https://www.google.com/url?hl=en&q=http://e.clinique.com/a/hbyydnaa6xagub9wnpznsqabcry/glow?customer_id_signature%3d1-2005465043-fff92d00dd71e3b9c921c2af79d7d8d07de8fa2c&source=gmail&ust=1482800771462000&usg=afqjcneopc4vktholjc3k-qhs9ye0b5kww,12/26/2016 1:06,2,5,0,1,0,0,0,0
http://www.musingsofamuse.com/2016/06/tarte-shape-tape-contour-concealer-review-swatches.html,12/25/2016 23:18,2,5,0,0,0,0,1,1
http://www.musingsofamuse.com/2016/06/tarte-shape-tape-contour-concealer-review-swatches.html,12/25/2016 22:32,2,5,0,0,0,0,1,1
http://www.musingsofamuse.com/2016/06/tarte-shape-tape-contour-concealer-review-swatches.html,12/25/2016 22:31,2,5,0,0,0,0,1,1
http://www.allure.com/story/how-to-get-the-most-out-of-whitening-strips,12/23/2016 5:45,5,2,0,0,0,0,0,1
http://www.allure.com/story/kardashians-bio-oil?mbid=social_facebook,12/23/2016 5:41,5,2,0,0,0,0,0,1
http://www.allure.com/story/kardashians-bio-oil?mbid=social_facebook,12/23/2016 5:34,5,2,0,0,0,0,0,1
http://in.allure.com/dqodpwi,12/23/2016 5:34,5,2,0,0,0,0,0,1
https://www.buzzfeed.com/lindsayreding/how-trash-are-your-disney-song-opinions-rclb?bffbquiz&utm_term=.svq7wz7pgj#.anmzxmzlwd,12/23/2016 5:33,5,2,0,0,0,0,0,1
https://www.buzzfeed.com/lindsayreding/how-trash-are-your-disney-song-opinions-rclb?bffbquiz&utm_term=.svq7wz7pgj#.anmzxmzlwd,12/23/2016 5:32,5,2,0,0,0,0,0,1
index=30,user_id=992.0,Time Difference,Weight,0,0,0,0,0,0
http://www.sephora.com/luminizer-luminous-makeup?searchterm=highlighter&currentpage=3,11/22/2016 16:22,0,7,0,0,0,0,0,0
http://www.sephora.com/halo-highlighting-wand-p292404?skuid=1349638&icid2=products%20grid%3ap292404,11/22/2016 16:22,0,7,0,0,0,0,0,0
http://www.sephora.com/luminizer-luminous-makeup?searchterm=highlighter&currentpage=3,11/22/2016 16:21,0,7,0,0,0,0,0,0
http://www.sephora.com/mineral-illuminator-spf-25-p411044?skuid=1842103&icid2=products%20grid:p411044,11/22/2016 16:20,0,7,0,0,0,0,0,0
http://www.sephora.com/halo-highlighting-wand-p292404?skuid=1349638&icid2=products%20grid:p292404,11/22/2016 16:20,0,7,0,0,0,0,0,0
http://www.sephora.com/mineral-illuminator-spf-25-p411044?skuid=1842103&icid2=products%20grid:p411044,11/22/2016 16:20,0,7,0,0,0,0,0,0
http://www.sephora.com/luminizer-luminous-makeup?searchterm=highlighter,11/22/2016 16:19,0,7,0,0,0,0,0,0
http://www.sephora.com/luminizer-luminous-makeup?searchterm=highlighter,11/22/2016 16:18,0,7,0,0,0,0,0,0
http://www.sephora.com/promotions-weekly-specials?icid2=homepage_weeklyspecials_sweetiepop_112216_image,11/22/2016 16:18,0,7,0,0,0,0,0,0
http://www.sephora.com/#,11/22/2016 16:17,0,7,0,0,0,0,0,0
http://shop.nordstrom.com/s/clinique-sweet-pots-sugar-scrub-lip-balm/4221828?origin=category-personalizedsort,11/21/2016 14:08,1,6,0,0,1,0,0,0
http://shop.nordstrom.com/s/clinique-sweet-pots-sugar-scrub-lip-balm/4221828?origin=category-personalizedsort,11/21/2016 14:07,1,6,0,0,1,0,0,0
http://shop.nordstrom.com/c/womens-clinique?origin=leftnav,11/21/2016 14:07,1,6,0,0,1,0,0,0
http://www.allure.com/gallery/black-friday-cyber-monday-beauty-deals-discounts,11/21/2016 14:05,1,6,0,0,0,0,0,1
http://www.allure.com/gallery/black-friday-cyber-monday-beauty-deals-discounts,11/21/2016 14:05,1,6,0,0,0,0,0,1
http://www.popsugar.com/beauty/luxury-beauty-gifts-2016-42647399#photo-42647400,11/21/2016 13:37,1,6,0,0,0,0,0,1
http://www.popsugar.com/beauty/beauty-stocking-stuffer-gifts-2016-42619165#photo-42619165,11/21/2016 13:37,1,6,0,0,0,0,0,1
http://www.popsugar.com/beauty/fall-fragrance-trends-2016-42562092#photo-42562092,11/21/2016 13:37,1,6,0,0,0,0,0,1
http://www.popsugar.com/beauty/fall-fragrance-trends-2016-42562092#photo-42562092,11/21/2016 13:36,1,6,0,0,0,0,0,1
http://www.popsugar.com/beauty/beauty-stocking-stuffer-gifts-2016-42619165#photo-42619165,11/21/2016 13:36,1,6,0,0,0,0,0,1
http://www.byrdie.com/beauty-holiday-gifts-under-100/slide3,11/21/2016 13:35,1,6,0,0,0,0,0,1
http://www.byrdie.com/beauty-holiday-gifts-under-100/slide3,11/21/2016 13:32,1,6,0,0,0,0,0,1
http://www.byrdie.com/beauty-holiday-gifts-under-100?utm_source=twitter-socialflow&utm_medium=owned-social&ref=tw,11/21/2016 13:31,1,6,0,0,0,0,0,1
http://www.byrdie.com/beauty-holiday-gifts-under-100?utm_source=twitter-socialflow&utm_medium=owned-social&ref=tw,11/21/2016 13:31,1,6,0,0,0,0,0,1
http://www.sephora.com/shopping-list,11/21/2016 12:56,1,6,0,0,0,0,0,0
http://www.sephora.com/shopping-list,11/21/2016 12:54,1,6,0,0,0,0,0,0
http://www.sephora.com/shopping-list,11/21/2016 12:37,1,6,0,0,0,0,0,0
https://www.sephora.com/basket/basket.jsp?_requestid=68674,11/21/2016 12:36,1,6,1,0,0,0,0,0
https://www.sephora.com/basket/basket.jsp,11/21/2016 12:36,1,6,1,0,0,0,0,0
http://www.sephora.com/rewards,11/21/2016 12:35,1,6,0,0,0,0,0,0
https://www.sephora.com/profile/beautyinsider/?icid2=bd_productrewards_image,11/21/2016 12:35,1,6,0,0,0,0,0,0
http://www.sephora.com/promotions-weekly-specials?icid2=homepage_weeklyspecials_micromini_111916_image,11/21/2016 12:34,1,6,0,0,0,0,0,0
http://www.sephora.com/,11/21/2016 12:34,1,6,0,0,0,0,0,0
http://www.sephora.com/korres?node=1050072,11/21/2016 12:32,1,6,0,0,0,0,0,0
http://www.sephora.com/brand/list.jsp,11/21/2016 12:32,1,6,0,0,0,0,0,0
http://www.sephora.com/new-beauty-products?icid2=homepage_quicklink_justarrived_01.06.15_link,11/21/2016 12:31,1,6,0,0,0,0,0,0
http://www.sephora.com/,11/21/2016 12:31,1,6,0,0,0,0,0,0
http://www.refinery29.com/urban-outfitters-best-makeup-beauty-products?utm_source=facebook.com&utm_medium=beautypost&utm_campaign=repost&unique_id=entry_129843#slide-24,11/21/2016 3:49,1,6,0,0,0,0,0,1
http://www.refinery29.com/urban-outfitters-best-makeup-beauty-products?utm_source=facebook.com&utm_medium=beautypost&utm_campaign=repost&unique_id=entry_129843#slide-24,11/21/2016 3:29,1,6,0,0,0,0,0,1
http://go.refinery29.com/?id=30283x879131&site=refinery29.com&xcust=desktop0slideshow&xs=1&isjs=1&url=http%3a%2f%2fwww.urbanoutfitters.com%2furban%2fcatalog%2fproductdetail.jsp%3fid%3d38727806%26category%3dbeauty-wellness&xguid=c7d78d10badbe67bf94dce6a383dd1b2&xuuid=ded51b0d3637ce131fe25d5feb9f8caa&xsessid=e597a8c5ab8de78c2d4ef5da03f48011&xcreo=0&xed=0&sref=http%3a%2f%2fwww.refinery29.com%2furban-outfitters-best-makeup-beauty-products%3futm_source%3dfacebook.com%26utm_medium%3dbeautypost%26utm_campaign%3drepost%26unique_id%3dentry_129843%23slide-24&pref=https%3a%2f%2fwww.facebook.com%2f&xtz=360,11/21/2016 3:29,1,6,0,0,0,0,0,1
http://www.refinery29.com/urban-outfitters-best-makeup-beauty-products?utm_source=facebook.com&utm_medium=beautypost&utm_campaign=repost&unique_id=entry_129843#slide-3,11/21/2016 3:28,1,6,0,0,0,0,0,1
https://www.bustle.com/articles/196187-chrissy-teigens-2016-amas-dress-featured-an-insane-thigh-high-slit-twitter-is-freaking-out?utm_source=facebook&utm_medium=owned&utm_campaign=bustle,11/21/2016 2:16,1,6,0,0,0,0,0,1
https://www.bustle.com/articles/196187-chrissy-teigens-2016-amas-dress-featured-an-insane-thigh-high-slit-twitter-is-freaking-out?utm_source=facebook&utm_medium=owned&utm_campaign=bustle,11/21/2016 2:16,1,6,0,0,0,0,0,1
https://www.bustle.com/articles/196187-chrissy-teigens-2016-amas-dress-featured-an-insane-thigh-high-slit-twitter-is-freaking-out?utm_source=facebook&utm_medium=owned&utm_campaign=bustle,11/21/2016 2:16,1,6,0,0,0,0,0,1
https://www.buzzfeed.com/alannaokun/gifts-you-should-probably-just-keep-for-yourself?utm_term=.mfx59d97gb#.ev5pwqwyke,11/21/2016 0:35,1,6,0,0,0,0,0,1
https://www.buzzfeed.com/mjs538/slumber-party-made-me-str8?utm_term=.hsxekrk3bp#.kbgon8nvwd,11/21/2016 0:31,1,6,0,0,0,0,0,1
https://www.buzzfeed.com/alannaokun/gifts-for-the-laziest-person-you-know?utm_term=.wya5dld1bz#.lxykpmpjlp,11/21/2016 0:31,1,6,0,0,0,0,0,1
https://www.buzzfeed.com/mallorymcinnis/things-you-never-knew-you-needed-for-your-home?utm_term=.vaj6b4bpdq#.rhv5jojve9,11/21/2016 0:31,1,6,0,0,0,0,0,1
https://www.buzzfeed.com/mallorymcinnis/things-you-never-knew-you-needed-for-your-home?utm_term=.vaj6b4bpdq#.rhv5jojve9,11/21/2016 0:31,1,6,0,0,0,0,0,1
https://www.buzzfeed.com/mallorymcinnis/things-you-never-knew-you-needed-for-your-home?utm_term=.vaj6b4bpdq#.rhv5jojve9,11/21/2016 0:31,1,6,0,0,0,0,0,1
https://www.buzzfeed.com/maitlandquitmeyer/gifts-for-people-who-only-wear-black?utm_term=.tq2bowom2q#.utvvb5bw7m,11/21/2016 0:28,1,6,0,0,0,0,0,1
https://www.buzzfeed.com/alannaokun/gifts-for-the-laziest-person-you-know?utm_term=.wya5dld1bz#.lxykpmpjlp,11/21/2016 0:28,1,6,0,0,0,0,0,1
https://www.buzzfeed.com/mallorymcinnis/things-you-never-knew-you-needed-for-your-home?utm_term=.vaj6b4bpdq#.rhv5jojve9,11/21/2016 0:28,1,6,0,0,0,0,0,1
https://www.buzzfeed.com/maitlandquitmeyer/gifts-for-people-who-only-wear-black?utm_term=.tq2bowom2q#.utvvb5bw7m,11/21/2016 0:27,1,6,0,0,0,0,0,1
https://www.buzzfeed.com/elizabethlilly/glitzy-things-for-people-who-love-gold-as-much-as-goldmember?utm_term=.jrgymem6zq#.ftpbeyebqm,11/21/2016 0:27,1,6,0,0,0,0,0,1
https://www.buzzfeed.com/anamariaglavan/awesome-products-from-amazon-to-put-on-your-wishlist-nov-16?utm_term=.qo4wkzkjye#.ml8orjrnpq,11/21/2016 0:26,1,6,0,0,0,0,0,1
https://www.buzzfeed.com/alannaokun/gifts-you-should-probably-just-keep-for-yourself?utm_term=.mfx59d97gb#.ev5pwqwyke,11/21/2016 0:22,1,6,0,0,0,0,0,1
https://www.buzzfeed.com/anamariaglavan/awesome-products-from-amazon-to-put-on-your-wishlist-nov-16?utm_term=.qo4wkzkjye#.ml8orjrnpq,11/20/2016 23:53,1,6,0,0,0,0,0,1
https://www.buzzfeed.com/anamariaglavan/awesome-products-from-amazon-to-put-on-your-wishlist-nov-16?utm_term=.qo4wkzkjye#.ml8orjrnpq,11/20/2016 23:53,1,6,0,0,0,0,0,1
https://www.buzzfeed.com/anamariaglavan/awesome-products-from-amazon-to-put-on-your-wishlist-nov-16,11/20/2016 23:53,1,6,0,0,0,0,0,1
http://www.cosmopolitan.com/lifestyle/a8296790/woman-blames-dwi-on-trump/,11/20/2016 23:53,1,6,0,0,0,0,0,1
http://www.cosmopolitan.com/lifestyle/a8302352/2016-most-dangerous-toys/,11/20/2016 23:52,1,6,0,0,0,0,0,1
https://www.buzzfeed.com/elainawahl/just-21-really-great-dog-pictures?utm_term=.helgaqa4ey#.hl1akokne6,11/20/2016 23:49,1,6,0,0,0,0,0,1
https://www.buzzfeed.com/elainawahl/just-21-really-great-dog-pictures?utm_term=.helgaqa4ey#.hl1akokne6,11/20/2016 23:48,1,6,0,0,0,0,0,1
https://www.buzzfeed.com/elainawahl/just-21-really-great-dog-pictures?utm_term=.helgaqa4ey#.hl1akokne6,11/20/2016 23:48,1,6,0,0,0,0,0,1
https://www.buzzfeed.com/elainawahl/just-21-really-great-dog-pictures,11/20/2016 23:48,1,6,0,0,0,0,0,1
http://www.mtv.com/full-episodes/3tgurx/girl-code-butts-attending-weddings-therapy-season-4-ep-408,11/20/2016 4:22,2,5,0,0,0,0,0,0
http://www.mtv.com/full-episodes/3tgurx/girl-code-butts-attending-weddings-therapy-season-4-ep-408,11/20/2016 4:22,2,5,0,0,0,0,0,0
http://www.mtv.com/full-episodes/3tgurx/girl-code-butts-attending-weddings-therapy-season-4-ep-408,11/20/2016 4:21,2,5,0,0,0,0,0,0
https://www.buzzfeed.com/angelospagnolo/which-tv-parents-are-your-parents-actually?bffbquiz&utm_term=.aq2avmvp9b#.cwvbl8leld,11/19/2016 18:43,2,5,0,0,0,0,0,1
https://www.buzzfeed.com/angelospagnolo/which-tv-parents-are-your-parents-actually?bffbquiz&utm_term=.aq2avmvp9b#.cwvbl8leld,11/19/2016 18:43,2,5,0,0,0,0,0,1
https://www.buzzfeed.com/annakopsky/agelocation-based-on-bizarre-sex-toy?bffbquiz&utm_term=.pbjza6aegw#.atookykaoj,11/19/2016 18:43,2,5,0,0,0,0,0,1
https://www.buzzfeed.com/annakopsky/agelocation-based-on-bizarre-sex-toy?bffbquiz&utm_term=.pbjza6aegw#.atookykaoj,11/19/2016 18:42,2,5,0,0,0,0,0,1
https://www.buzzfeed.com/elizabethlilly/perfectly-pink-things-you-need-asap?bffbmain&ref=bffbmain&utm_term=.eaejyoygad#.qia28z8oya,11/19/2016 18:42,2,5,0,0,0,0,0,1
https://www.buzzfeed.com/elizabethlilly/perfectly-pink-things-you-need-asap?bffbmain&ref=bffbmain&utm_term=.eaejyoygad#.qia28z8oya,11/19/2016 18:41,2,5,0,0,0,0,0,1
https://www.buzzfeed.com/elizabethlilly/perfectly-pink-things-you-need-asap?bffbmain&ref=bffbmain&utm_term=.eaejyoygad#.qia28z8oya,11/19/2016 18:41,2,5,0,0,0,0,0,1
https://www.buzzfeed.com/elizabethlilly/glitzy-things-for-people-who-love-gold-as-much-as-goldmember?utm_term=.dkm8vbvnrd#.skp3bkbp8z,11/18/2016 19:48,3,4,0,0,0,0,0,1
https://www.buzzfeed.com/elizabethlilly/glitzy-things-for-people-who-love-gold-as-much-as-goldmember?utm_term=.dkm8vbvnrd#.skp3bkbp8z,11/18/2016 19:47,3,4,0,0,0,0,0,1
https://www.buzzfeed.com/elizabethlilly/glitzy-things-for-people-who-love-gold-as-much-as-goldmember,11/18/2016 19:47,3,4,0,0,0,0,0,1
index=31,user_id=992.0,Time Difference,Weight,0,0,0,0,0,0
http://www.glamour.com/gallery/best-new-beauty-products-at-sephora?mbid=social_facebook_fanpage,11/8/2016 4:12,0,7,0,0,0,0,0,1
https://www.buzzfeed.com/aidanmmeyer/how-popular-are-your-2000s-music-opinions-2kpr3?utm_term=.wfzaznzx5g&utm_source=dlvr.it&utm_medium=facebook#.qvxkwjw8d4,11/7/2016 17:34,0,7,0,0,0,0,0,1
http://www.dailymail.co.uk/tvshowbiz/article-3615466/professor-green-tweets-ex-wife-millie-mackintosh-shares-photo-kissing-hugo-taylor-monaco-money-really-t-buy-class-it.html,11/7/2016 16:59,0,7,0,0,0,0,0,0
http://www.dailymail.co.uk/tvshowbiz/article-3615466/professor-green-tweets-ex-wife-millie-mackintosh-shares-photo-kissing-hugo-taylor-monaco-money-really-t-buy-class-it.html,11/7/2016 14:04,0,7,0,0,0,0,0,0
http://www.dailymail.co.uk/tvshowbiz/article-3615466/professor-green-tweets-ex-wife-millie-mackintosh-shares-photo-kissing-hugo-taylor-monaco-money-really-t-buy-class-it.html,11/7/2016 14:04,0,7,0,0,0,0,0,0
http://www.dailymail.co.uk/tvshowbiz/article-3615466/professor-green-tweets-ex-wife-millie-mackintosh-shares-photo-kissing-hugo-taylor-monaco-money-really-t-buy-class-it.html,11/7/2016 14:03,0,7,0,0,0,0,0,0
https://www.buzzfeed.com/awesomer/two-sentence-terror?bffbbooks&bffbmain&ref=bffbmain&utm_term=.ryv9636npm#.or1wwawklq,11/7/2016 13:55,0,7,0,0,0,0,0,1
https://www.buzzfeed.com/awesomer/two-sentence-terror?bffbbooks&bffbmain&ref=bffbmain&utm_term=.ryv9636npm#.or1wwawklq,11/7/2016 13:53,0,7,0,0,0,0,0,1
https://www.buzzfeed.com/maitlandquitmeyer/life-changing-things-to-try-in-november-2016?utm_term=.skp3bkbp8z#.gngmyqybnz,11/7/2016 13:33,0,7,0,0,0,0,0,1
https://www.buzzfeed.com/maitlandquitmeyer/life-changing-things-to-try-in-november-2016?utm_term=.skp3bkbp8z#.gngmyqybnz,11/7/2016 13:32,0,7,0,0,0,0,0,1
https://www.buzzfeed.com/maitlandquitmeyer/life-changing-things-to-try-in-november-2016?utm_term=.skp3bkbp8z#.gngmyqybnz,11/7/2016 13:32,0,7,0,0,0,0,0,1
https://www.bustle.com/flowcharts/whats-the-one-beauty-product-you-need-this-fall-67?utm_source=facebook&utm_medium=owned&utm_campaign=bustle,11/7/2016 13:29,0,7,0,0,0,0,0,1
http://www.allure.com/story/eyeshadow-primer-conceal-pimples?mbid=social_twitter&mbid=social_twitter,11/7/2016 13:14,0,7,0,0,0,0,0,1
http://www.allure.com/story/eyeshadow-primer-conceal-pimples?mbid=social_twitter&mbid=social_twitter,11/7/2016 13:12,0,7,0,0,0,0,0,1
http://www.byrdie.com/shani-darden-retinol-reform?utm_source=newsletter&utm_medium=email&utm_campaign=byrdie+extra+november+6+2016+look+more+attractive,11/7/2016 12:30,0,7,0,0,0,0,0,1
http://www.byrdie.com/shani-darden-retinol-reform?utm_source=newsletter&utm_medium=email&utm_campaign=byrdie+extra+november+6+2016+look+more+attractive,11/7/2016 12:29,0,7,0,0,0,0,0,1
http://www.sephora.com/new-beauty-products?icid2=homepage_quicklink_justarrived_01.06.15_link,11/6/2016 5:31,1,6,0,0,0,0,0,0
http://www.sephora.com/new-beauty-products?icid2=homepage_quicklink_justarrived_01.06.15_link,11/6/2016 5:30,1,6,0,0,0,0,0,0
http://www.sephora.com/cat-nap-sleep-mask-p412587?skuid=1834142&icid2=just_arrived_toplevel_us_skugrid:p412587,11/6/2016 5:30,1,6,0,0,0,0,0,0
http://www.sephora.com/new-beauty-products?icid2=homepage_quicklink_justarrived_01.06.15_link,11/6/2016 5:29,1,6,0,0,0,0,0,0
http://www.sephora.com/perfume-sampler-p412396?skuid=1834746&icid2=just_arrived_toplevel_us_skugrid:p412396,11/6/2016 5:29,1,6,0,0,0,0,0,0
http://www.sephora.com/new-beauty-products?icid2=homepage_quicklink_justarrived_01.06.15_link,11/6/2016 5:28,1,6,0,0,0,0,0,0
http://www.sephora.com/,11/6/2016 5:28,1,6,0,0,0,0,0,0
http://www.sephora.com/shopping-list,11/6/2016 5:28,1,6,0,0,0,0,0,0
http://shop.nordstrom.com/s/clinique-the-sweetest-thing-collection-121-50-value/4477384?origin=category-personalizedsort,11/6/2016 5:28,1,6,0,0,1,0,0,0
http://www.sephora.com/shopping-list,11/6/2016 5:27,1,6,0,0,0,0,0,0
http://www.sephora.com/holy-sheet-set-p413126?skuid=1861087,11/6/2016 5:26,1,6,0,0,0,0,0,0
http://www.sephora.com/shopping-list,11/6/2016 5:26,1,6,0,0,0,0,0,0
http://www.sephora.com/sugar-lip-treatment-spf-15-p57002?skuid=1596162,11/6/2016 5:26,1,6,0,0,0,0,0,0
http://www.sephora.com/shopping-list,11/6/2016 5:26,1,6,0,0,0,0,0,0
http://www.sephora.com/sugar-dreams-mini-lip-trio-p413426?skuid=1862994,11/6/2016 5:25,1,6,0,0,0,0,0,0
http://www.sephora.com/shopping-list,11/6/2016 5:25,1,6,0,0,0,0,0,0
http://www.sephora.com/promotions-weekly-specials?icid2=homepage_quicklink_us_weeklyspecials_10.22.13_link,11/6/2016 5:25,1,6,0,0,0,0,0,0
https://www.sephora.com/basket/basket.jsp,11/6/2016 5:24,1,6,1,0,0,0,0,0
http://www.sephora.com/fresh?icid2=product_link_brand,11/6/2016 5:23,1,6,0,0,0,0,0,0
http://www.sephora.com/#,11/6/2016 5:23,1,6,0,0,0,0,0,0
http://shop.nordstrom.com/s/clinique-the-sweetest-thing-collection-121-50-value/4477384?origin=category-personalizedsort,11/6/2016 5:22,1,6,0,0,1,0,0,0
http://shop.nordstrom.com/s/clinique-the-sweetest-thing-collection-121-50-value/4477384?origin=category-personalizedsort,11/6/2016 5:20,1,6,0,0,1,0,0,0
http://www.sephora.com/rose-night-table-cream-overnight-mask-p413153?skuid=1855667&icid2=products%20grid:p413153,11/6/2016 2:13,2,5,0,0,0,0,0,0
http://www.byrdie.com/overnight-treatments?utm_source=newsletter&utm_medium=email&utm_campaign=byrdie+november+5+2016+overnight+products,11/6/2016 2:12,2,5,0,0,0,0,0,1
http://www.allure.com/gallery/best-target-beauty-products?mbid=nl_products_blast&cndid=23634519&spmailingid=9821256&spuserid=mtmzmtmzoduwnjcys0&spjobid=1040363796&spreportid=mta0mdm2mzc5ngs2,11/6/2016 2:12,2,5,0,0,0,0,0,1
http://www.allure.com/gallery/best-target-beauty-products?mbid=nl_products_blast&cndid=23634519&spmailingid=9821256&spuserid=mtmzmtmzoduwnjcys0&spjobid=1040363796&spreportid=mta0mdm2mzc5ngs2,11/6/2016 2:12,2,5,0,0,0,0,0,1
http://www.byrdie.com/overnight-treatments?utm_source=newsletter&utm_medium=email&utm_campaign=byrdie+november+5+2016+overnight+products,11/6/2016 2:06,2,5,0,0,0,0,0,1
https://subscribe.allure.com/subscribe/allure/102355?source=alb_edit_monthly_box_article,11/6/2016 2:02,2,5,0,0,0,0,0,1
http://www.allure.com/gallery/the-november-2016-allure-beauty-box?mbid=nl_box_blast&cndid=23634519&spmailingid=9824208&spuserid=mtmzmtmzoduwnjcys0&spjobid=1040440899&spreportid=mta0mdq0mdg5oqs2,11/6/2016 2:02,2,5,0,0,0,0,0,1
https://www.yelp.com/new-orleans,11/4/2016 18:17,3,4,0,0,0,0,0,0
https://www.yelp.com/new-orleans,11/4/2016 18:16,3,4,0,0,0,0,0,0
https://www.buzzfeed.com/beckybarnicoat/how-popular-are-your-swear-word-opinions?utm_term=.wvozkrke3p#.qp0qa7ablv,11/4/2016 17:27,3,4,0,0,0,0,0,1
https://www.buzzfeed.com/beckybarnicoat/how-popular-are-your-swear-word-opinions?utm_term=.wvozkrke3p#.qp0qa7ablv,11/4/2016 17:26,3,4,0,0,0,0,0,1
http://www.cosmopolitan.com/food-cocktails/a8079088/red-wine-brownies-yes-please/,11/3/2016 22:31,4,3,0,0,0,0,0,1
http://www.cosmopolitan.com/food-cocktails/a8079088/red-wine-brownies-yes-please/,11/3/2016 22:29,4,3,0,0,0,0,0,1
https://www.buzzfeed.com/hayesbrown/lindsay-lohan-world-is-bigger-than-five?utm_term=.dipqlblzl1#.ws5l4w4xoq,11/3/2016 21:59,4,3,0,0,0,0,0,1
https://www.buzzfeed.com/hayesbrown/lindsay-lohan-world-is-bigger-than-five?utm_term=.dipqlblzl1#.ws5l4w4xoq,11/3/2016 21:07,4,3,0,0,0,0,0,1
https://www.buzzfeed.com/carolinekee/how-normal-are-your-teeth-brushing-habits?utm_term=.ml8orjrnpq#.tfq2zazgvy,11/3/2016 19:52,4,3,0,0,0,0,0,1
https://www.buzzfeed.com/carolinekee/how-normal-are-your-teeth-brushing-habits,11/3/2016 19:52,4,3,0,0,0,0,0,1
https://www.buzzfeed.com/beckybarnicoat/can-you-guess-the-body-part-from-the-extreme-close-up?utm_term=.tl9b6r6a9k#.xr5pvmvwj6,11/3/2016 19:51,4,3,0,0,0,0,0,1
https://www.buzzfeed.com/beckybarnicoat/can-you-guess-the-body-part-from-the-extreme-close-up,11/3/2016 19:51,4,3,0,0,0,0,0,1
https://www.buzzfeed.com/hayesbrown/lindsay-lohan-world-is-bigger-than-five?utm_term=.dipqlblzl1#.ws5l4w4xoq,11/3/2016 19:46,4,3,0,0,0,0,0,1
https://www.buzzfeed.com/hayesbrown/lindsay-lohan-world-is-bigger-than-five,11/3/2016 19:45,4,3,0,0,0,0,0,1
http://www.refinery29.com/best-sephora-products-under-15-dollars?utm_source=t.co&utm_medium=tweet&unique_id=entry_128397#slide,11/3/2016 19:45,4,3,0,0,0,0,0,1
http://www.refinery29.com/best-sephora-products-under-15-dollars?utm_source=t.co&utm_medium=tweet&unique_id=entry_128397#slide,11/3/2016 19:44,4,3,0,0,0,0,0,1
index=32,user_id=992.0,Time Difference,Weight,0,0,0,0,0,0
http://www.refinery29.com/2016/10/127415/best-selling-makeup-hair-products-alternatives?utm_source=email&utm_medium=editorial&utm_content=everywhere&utm_campaign=161027-best-selling-makeup-hair-products-alternatives#slide,10/27/2016 15:48,0,7,0,0,0,0,0,1
http://www.byrdie.com/french-girl-organics-review?utm_source=newsletter&utm_medium=email&utm_campaign=byrdie+october+27+2016+food+look+younger,10/27/2016 15:48,0,7,0,0,0,0,0,1
https://www.buzzfeed.com/sophiegadd/19-people-talk-about-the-kindest-thing-their-boyfriend-ever?utm_term=.ejlpavapmo&utm_medium=email&utm_campaign=buzzfeed%201027&utm_content=buzzfeed%201027+cid_d6a3ccbd99d7adc0086ed237172bd87e&utm_source=buzzfeed%20newsletters#.wxlpw3w0xr,10/27/2016 15:48,0,7,0,0,0,0,0,1
https://www.buzzfeed.com/sophiegadd/19-people-talk-about-the-kindest-thing-their-boyfriend-ever?utm_term=.ejlpavapmo&utm_medium=email&utm_campaign=buzzfeed%201027&utm_content=buzzfeed%201027+cid_d6a3ccbd99d7adc0086ed237172bd87e&utm_source=buzzfeed%20newsletters#.wxlpw3w0xr,10/27/2016 15:47,0,7,0,0,0,0,0,1
http://www.byrdie.com/french-girl-organics-review?utm_source=newsletter&utm_medium=email&utm_campaign=byrdie+october+27+2016+food+look+younger,10/27/2016 15:46,0,7,0,0,0,0,0,1
http://www.refinery29.com/2016/10/127415/best-selling-makeup-hair-products-alternatives?utm_source=email&utm_medium=editorial&utm_content=everywhere&utm_campaign=161027-best-selling-makeup-hair-products-alternatives#slide,10/27/2016 15:46,0,7,0,0,0,0,0,1
http://www.refinery29.com/most-effective-anti-aging-products?utm_source=facebook.com&utm_medium=beautypost&unique_id=entry_127578#slide,10/27/2016 3:40,0,7,0,0,0,0,0,1
http://www.refinery29.com/most-effective-anti-aging-products?utm_source=facebook.com&utm_medium=beautypost&unique_id=entry_127578#slide,10/27/2016 3:37,0,7,0,0,0,0,0,1
https://www.buzzfeed.com/beckybarnicoat/how-popular-are-your-bake-off-opinions-actually?bffbquiz&utm_term=4ldqphq#4ldqphq,10/27/2016 1:53,0,7,0,0,0,0,0,1
https://www.buzzfeed.com/beckybarnicoat/how-popular-are-your-bake-off-opinions-actually?bffbquiz&utm_term=4ldqphq#4ldqphq,10/27/2016 1:53,0,7,0,0,0,0,0,1
http://www.refinery29.com/how-to-use-primer-makeup?utm_source=facebook.com&utm_medium=beautypost&unique_id=entry_126769,10/27/2016 1:52,0,7,0,0,0,0,0,1
http://www.refinery29.com/how-to-use-primer-makeup?utm_source=facebook.com&utm_medium=beautypost&unique_id=entry_126769,10/27/2016 1:51,0,7,0,0,0,0,0,1
https://www.buzzfeed.com/nataliebrown/what-secret-starbucks-drink-should-you-order-based?bffbquiz&utm_term=.siv1bzbvnp#.kc4bv9vzyb,10/27/2016 1:46,0,7,0,0,0,0,0,1
https://musthave.popsugar.com/t/limited-edition?utm_medium=email&utm_campaign=nmalexisbittarteaser_20161026_mkrtg&utm_source=musthavenewsletter&em_recid=puid16269198&ym_mid=1258605&ym_rid=11321058,10/27/2016 1:11,0,7,0,0,0,0,0,1
http://www.glamour.com/gallery/how-to-get-ready-faster?mbid=nl_102616_daily_beautytips&cndid=23634519&spmailingid=9765045&spuserid=mtmynte4mtu5ndm5s0&spjobid=1022104334&spreportid=mtaymjewndmznas2,10/27/2016 1:10,0,7,0,0,0,0,0,1
http://www.refinery29.com/2016/10/127521/nordstrom-holiday-gift-sale-2016?utm_source=email&utm_medium=editorial&utm_content=everywhere&utm_campaign=161026-how-to-style-fake-bangs-hair-trend-tutorial#slide,10/27/2016 1:09,0,7,0,0,0,0,0,1
http://www.refinery29.com/how-to-mix-ingredients-vitamins-skin-care-regimen?utm_source=email&utm_medium=editorial&utm_content=everywhere&utm_campaign=161026-how-to-style-fake-bangs-hair-trend-tutorial#slide,10/27/2016 1:08,0,7,0,0,0,0,0,1
http://www.popsugar.com/beauty/colourpop-hello-kitty-makeup-collection-fall-2016-42590422?utm_source=beauty_newsletter&utm_medium=email&utm_campaign=beauty_newsletter_v3_10262016&em_recid=151888211&utm_content=placement_5_title#photo-42590422,10/27/2016 1:08,0,7,0,0,0,0,0,1
https://www.sephora.com/basket/basket.jsp,10/27/2016 1:07,0,7,1,0,0,0,0,0
http://www.sephora.com/rewards/?action=signin&om_mmc=tr-us_us_2016_birthday_day14-he-bibday14cta&emtc2=2248d914-c2c3-4268-babd-6b21492a8b00&emlid=55c5b68e289742c4a283a1c6e06ce3d9&ematg=5139349625&emcid=15484259&viq_epid=569dd7d1-8e0f-42ea-b79b-4667bf9abca9%7c15484259,10/27/2016 1:07,0,7,0,0,0,0,0,0
https://musthave.popsugar.com/t/limited-edition?utm_medium=email&utm_campaign=nmalexisbittarteaser_20161026_mkrtg&utm_source=musthavenewsletter&em_recid=puid16269198&ym_mid=1258605&ym_rid=11321058,10/27/2016 1:07,0,7,0,0,0,0,0,1
http://www.sephora.com/rewards/?action=signin&om_mmc=tr-us_us_2016_birthday_day14-he-bibday14cta&emtc2=2248d914-c2c3-4268-babd-6b21492a8b00&emlid=55c5b68e289742c4a283a1c6e06ce3d9&ematg=5139349625&emcid=15484259&viq_epid=569dd7d1-8e0f-42ea-b79b-4667bf9abca9%7c15484259,10/27/2016 1:06,0,7,0,0,0,0,0,0
http://beauty.sephora.com/h/2/v20000015802aa1b86c6cf89f4bbe5c7c0/html,10/27/2016 1:06,0,7,0,0,0,0,0,0
http://www.popsugar.com/beauty/colourpop-hello-kitty-makeup-collection-fall-2016-42590422?utm_source=beauty_newsletter&utm_medium=email&utm_campaign=beauty_newsletter_v3_10262016&em_recid=151888211&utm_content=placement_5_title#photo-42590422,10/27/2016 1:05,0,7,0,0,0,0,0,1
http://www.refinery29.com/how-to-mix-ingredients-vitamins-skin-care-regimen?utm_source=email&utm_medium=editorial&utm_content=everywhere&utm_campaign=161026-how-to-style-fake-bangs-hair-trend-tutorial#slide,10/27/2016 1:04,0,7,0,0,0,0,0,1
http://www.refinery29.com/2016/10/127521/nordstrom-holiday-gift-sale-2016?utm_source=email&utm_medium=editorial&utm_content=everywhere&utm_campaign=161026-how-to-style-fake-bangs-hair-trend-tutorial#slide,10/27/2016 1:04,0,7,0,0,0,0,0,1
http://www.glamour.com/gallery/how-to-get-ready-faster?mbid=nl_102616_daily_beautytips&cndid=23634519&spmailingid=9765045&spuserid=mtmynte4mtu5ndm5s0&spjobid=1022104334&spreportid=mtaymjewndmznas2,10/27/2016 1:04,0,7,0,0,0,0,0,1
https://www.buzzfeed.com/michellerennex/trash-af?bffbmain&ref=bffbmain&utm_term=.tbvzx4xogq#.ftpbeyebqm,10/26/2016 19:05,0,7,0,0,0,0,0,1
https://www.buzzfeed.com/michellerennex/trash-af?bffbmain&ref=bffbmain&utm_term=.tbvzx4xogq#.ftpbeyebqm,10/26/2016 19:01,0,7,0,0,0,0,0,1
https://www.buzzfeed.com/michellerennex/trash-af?bffbmain&ref=bffbmain&utm_term=.tbvzx4xogq#.ftpbeyebqm,10/26/2016 18:58,0,7,0,0,0,0,0,1
https://www.buzzfeed.com/michellerennex/trash-af?bffbmain&ref=bffbmain&utm_term=.tbvzx4xogq#.ftpbeyebqm,10/26/2016 18:51,0,7,0,0,0,0,0,1
http://www.sephora.com/my-mask-cocktail-kit-p413344?skuid=1851989&icid2=products%20grid:p413344,10/26/2016 13:16,1,6,0,0,0,0,0,0
http://www.sephora.com/skin-inc?icid2=product_link_brand,10/26/2016 13:16,1,6,0,0,0,0,0,0
http://www.sephora.com/tata-harper?icid2=product_link_brand,10/26/2016 13:16,1,6,0,0,0,0,0,0
http://www.sephora.com/tata-harper?icid2=product_link_brand,10/26/2016 13:16,1,6,0,0,0,0,0,0
http://www.sephora.com/hello-moisture-kit-p410653?skuid=1829522&icid2=products%20grid:p410653,10/26/2016 13:16,1,6,0,0,0,0,0,0
http://www.sephora.com/facial-water-trio-p410209?skuid=1816750&icid2=products%20grid:p410209,10/26/2016 13:15,1,6,0,0,0,0,0,0
http://www.sephora.com/tata-harper?icid2=product_link_brand,10/26/2016 13:15,1,6,0,0,0,0,0,0
http://www.sephora.com/way-to-glow-set-p396620?skuid=1714161&icid2=products%20grid:p396620,10/26/2016 13:15,1,6,0,0,0,0,0,0
http://www.sephora.com/detox-defense-set-p408302?skuid=1821529&icid2=products%20grid:p408302,10/26/2016 13:15,1,6,0,0,0,0,0,0
http://www.sephora.com/here-comes-sun-makeup-set-p387039?skuid=1630557&icid2=products%20grid:p387039,10/26/2016 13:15,1,6,0,0,0,0,0,0
http://www.sephora.com/skin-inc?icid2=product_link_brand,10/26/2016 13:15,1,6,0,0,0,0,0,0
http://www.sephora.com/skin-inc?icid2=product_link_brand,10/26/2016 13:15,1,6,0,0,0,0,0,0
http://www.sephora.com/get-glowin-custom-blended-serum-set-p391623?skuid=1658103&icid2=products%20grid:p391623,10/26/2016 13:15,1,6,0,0,0,0,0,0
http://www.sephora.com/limited-edition-triple-threat-glow-set-p412332?skuid=1859586&icid2=products%20grid:p412332,10/26/2016 13:15,1,6,0,0,0,0,0,0
http://www.sephora.com/hello-moisture-kit-p410653?skuid=1829522&icid2=products%20grid:p410653,10/26/2016 13:14,1,6,0,0,0,0,0,0
http://www.sephora.com/facial-water-trio-p410209?skuid=1816750&icid2=products%20grid:p410209,10/26/2016 13:14,1,6,0,0,0,0,0,0
http://www.sephora.com/way-to-glow-set-p396620?skuid=1714161&icid2=products%20grid:p396620,10/26/2016 13:13,1,6,0,0,0,0,0,0
http://www.sephora.com/detox-defense-set-p408302?skuid=1821529&icid2=products%20grid:p408302,10/26/2016 13:13,1,6,0,0,0,0,0,0
http://www.sephora.com/here-comes-sun-makeup-set-p387039?skuid=1630557&icid2=products%20grid:p387039,10/26/2016 13:13,1,6,0,0,0,0,0,0
http://www.sephora.com/get-glowin-custom-blended-serum-set-p391623?skuid=1658103&icid2=products%20grid:p391623,10/26/2016 13:11,1,6,0,0,0,0,0,0
http://www.sephora.com/limited-edition-triple-threat-glow-set-p412332?skuid=1859586&icid2=products%20grid:p412332,10/26/2016 13:10,1,6,0,0,0,0,0,0
http://www.sephora.com/value-sets?currentpage=7,10/26/2016 13:10,1,6,0,0,0,0,0,0
http://www.sephora.com/daily-cleanse-supplements-p386754?skuid=1614759&icid2=hum_nutrition_clearflawlessskin_carousel:p386754,10/26/2016 13:10,1,6,0,0,0,0,0,0
http://www.sephora.com/shopping-list?page=2,10/26/2016 13:10,1,6,0,0,0,0,0,0
http://www.sephora.com/daily-cleanse-supplements-p386754?skuid=1614759&icid2=hum_nutrition_clearflawlessskin_carousel:p386754,10/26/2016 13:10,1,6,0,0,0,0,0,0
http://www.sephora.com/daily-cleanse-supplements-p386754?skuid=1614759&icid2=hum_nutrition_clearflawlessskin_carousel:p386754,10/26/2016 13:08,1,6,0,0,0,0,0,0
http://www.sephora.com/hum-nutrition?icid2=product_link_brand,10/26/2016 13:08,1,6,0,0,0,0,0,0
http://www.sephora.com/hum-nutrition?icid2=product_link_brand,10/26/2016 13:07,1,6,0,0,0,0,0,0
http://www.sephora.com/liquid-gold-set-p409024?skuid=1830207&icid2=products%20grid:p409024,10/26/2016 13:07,1,6,0,0,0,0,0,0
http://www.sephora.com/red-hot-holidays-set-p401173?skuid=1750801&icid2=products%20grid:p401173,10/26/2016 13:07,1,6,0,0,0,0,0,0
http://www.sephora.com/shopping-list?page=2,10/26/2016 13:07,1,6,0,0,0,0,0,0
http://www.sephora.com/beauty-elixir-set-p407198?skuid=1818483&icid2=products%20grid:p407198,10/26/2016 13:07,1,6,0,0,0,0,0,0
http://www.sephora.com/instant-detox-mask-p395615?skuid=1698018,10/26/2016 13:07,1,6,0,0,0,0,0,0
http://www.sephora.com/shopping-list?page=2,10/26/2016 13:07,1,6,0,0,0,0,0,0
http://www.sephora.com/beauty-elixir-set-p407198?skuid=1818483&icid2=products%20grid:p407198,10/26/2016 13:07,1,6,0,0,0,0,0,0
http://www.sephora.com/shopping-list,10/26/2016 13:05,1,6,0,0,0,0,0,0
http://www.sephora.com/shopping-list,10/26/2016 13:04,1,6,0,0,0,0,0,0
http://www.sephora.com/dermaclear-trans-foam-clay-in-moisturizing-pink-p399219?skuid=1738160&icid2=similar%20products:p399219,10/26/2016 13:04,1,6,0,0,0,0,0,0
http://www.sephora.com/dermaclear-trans-foam-clay-in-refreshing-green-p399218?skuid=1738178&icid2=products%20grid:p399218,10/26/2016 13:03,1,6,0,0,0,0,0,0
http://www.sephora.com/dr-jart?icid2=product_link_brand,10/26/2016 13:03,1,6,0,0,0,0,0,0
http://www.sephora.com/dermaclear-trans-foam-clay-trio-p399220?skuid=1738103&icid2=products%20grid:p399220,10/26/2016 13:02,1,6,0,0,0,0,0,0
http://www.sephora.com/star-light-star-bright-highlighting-palette-p412126?skuid=1868629&icid2=products%20grid:p412126,10/26/2016 13:02,1,6,0,0,0,0,0,0
http://www.sephora.com/liquid-gold-set-p409024?skuid=1830207&icid2=products%20grid:p409024,10/26/2016 12:55,1,6,0,0,0,0,0,0
http://www.sephora.com/value-sets?currentpage=5,10/26/2016 12:54,1,6,0,0,0,0,0,0
http://www.sephora.com/red-hot-holidays-set-p401173?skuid=1750801&icid2=products%20grid:p401173,10/26/2016 12:54,1,6,0,0,0,0,0,0
http://www.sephora.com/beauty-elixir-set-p407198?skuid=1818483&icid2=products%20grid:p407198,10/26/2016 12:53,1,6,0,0,0,0,0,0
http://www.sephora.com/dermaclear-trans-foam-clay-trio-p399220?skuid=1738103&icid2=products%20grid:p399220,10/26/2016 12:52,1,6,0,0,0,0,0,0
http://www.sephora.com/star-light-star-bright-highlighting-palette-p412126?skuid=1868629&icid2=products%20grid:p412126,10/26/2016 12:51,1,6,0,0,0,0,0,0
http://www.sephora.com/value-sets?currentpage=3,10/26/2016 12:51,1,6,0,0,0,0,0,0
http://www.sephora.com/value-sets?currentpage=3,10/26/2016 12:50,1,6,0,0,0,0,0,0
http://www.sephora.com/value-sets?currentpage=3,10/26/2016 12:35,1,6,0,0,0,0,0,0
http://www.sephora.com/value-sets?currentpage=3,10/26/2016 12:16,1,6,0,0,0,0,0,0
http://www.sephora.com/value-sets?currentpage=2,10/26/2016 12:12,1,6,0,0,0,0,0,0
http://www.sephora.com/skin-wonderland-p411864?skuid=1842152&icid2=similar%20products:p411864,10/26/2016 12:11,1,6,0,0,0,0,0,0
http://www.sephora.com/love-it-all-blockbuster-skincare-set-p412136?skuid=1857119&icid2=products%20grid:p412136,10/26/2016 12:11,1,6,0,0,0,0,0,0
http://www.sephora.com/defined-refined-brow-kit-p410749?skuid=1849421&icid2=products%20grid%3ap410749,10/26/2016 12:11,1,6,0,0,0,0,0,0
http://www.sephora.com/bigger-bolder-brows-kit-p410748?skuid=1851377&icid2=similar%20products:p410748,10/26/2016 12:10,1,6,0,0,0,0,0,0
http://www.sephora.com/bigger-bolder-brows-kit-p410748?skuid=1851377&icid2=similar%20products:p410748,10/26/2016 12:10,1,6,0,0,0,0,0,0
http://www.sephora.com/defined-refined-brow-kit-p410749?skuid=1849413&icid2=products%20grid:p410749,10/26/2016 12:10,1,6,0,0,0,0,0,0
http://www.sephora.com/love-it-all-blockbuster-skincare-set-p412136?skuid=1857119&icid2=products%20grid:p412136,10/26/2016 12:09,1,6,0,0,0,0,0,0
http://www.sephora.com/defined-refined-brow-kit-p410749?skuid=1849413&icid2=products%20grid:p410749,10/26/2016 12:09,1,6,0,0,0,0,0,0
http://www.sephora.com/aha-kit-p411868?skuid=1862432&icid2=products%20grid:p411868,10/26/2016 12:09,1,6,0,0,0,0,0,0
http://www.sephora.com/aha-kit-p411868?skuid=1862432&icid2=products%20grid:p411868,10/26/2016 12:09,1,6,0,0,0,0,0,0
http://www.sephora.com/gifts,10/26/2016 12:06,1,6,0,0,0,0,0,0
http://www.sephora.com/nirvana-bourbon-rollerball-p410639?skuid=1855246&icid2=people%20also%20bought:p410639,10/26/2016 12:06,1,6,0,0,0,0,0,0
https://www.sephora.com/basket/basket.jsp,10/26/2016 12:06,1,6,1,0,0,0,0,0
http://www.sephora.com/dinoplatz-triceratops-multi-palette-p405263?skuid=1783950&om_mmc=aff-linkshare-redirect-qfglneolowg&c3ch=linkshare&c3nid=qfglneolowg&affid=qfglneolowg-vbwuhhm_xupohty8zb0jgg&raneaid=qfglneolowg&ranmid=2417&ransiteid=qfglneolowg-vbwuhhm_xupohty8zb0jgg&ranlinkid=15-1783950&browserdefault=true,10/26/2016 12:06,1,6,0,0,0,0,0,0
http://www.sephora.com/dinoplatz-triceratops-multi-palette-p405263?skuid=1783950&om_mmc=aff-linkshare-redirect-qfglneolowg&c3ch=linkshare&c3nid=qfglneolowg&affid=qfglneolowg-vbwuhhm_xupohty8zb0jgg&raneaid=qfglneolowg&ranmid=2417&ransiteid=qfglneolowg-vbwuhhm_xupohty8zb0jgg&ranlinkid=15-1783950&browserdefault=true,10/26/2016 12:05,1,6,0,0,0,0,0,0
http://www.sephora.com/dinoplatz-triceratops-multi-palette-p405263?skuid=1783950&om_mmc=aff-linkshare-redirect-qfglneolowg&c3ch=linkshare&c3nid=qfglneolowg&affid=qfglneolowg-vbwuhhm_xupohty8zb0jgg&raneaid=qfglneolowg&ranmid=2417&ransiteid=qfglneolowg-vbwuhhm_xupohty8zb0jgg&ranlinkid=15-1783950&browserdefault=true,10/26/2016 12:05,1,6,0,0,0,0,0,0
http://www.sephora.com/product/productnotcarried.jsp,10/26/2016 12:05,1,6,0,0,0,0,0,0
http://www.sephora.com/affiliates.jsp?site=linkshare&url=http%3a%2f%2fwww.sephora.com%2fdinoplatz%2dtriceratops%2dmulti%2dpalette%2dp405263%3fskuid%3d1783950%26om_mmc%3daff-linkshare-redirect-qfglneolowg%26c3ch%3dlinkshare%26c3nid%3dqfglneolowg%26affid%3dqfglneolowg-vbwuhhm_xupohty8zb0jgg%26raneaid%3dqfglneolowg%26ranmid%3d2417%26ransiteid%3dqfglneolowg-vbwuhhm_xupohty8zb0jgg%26ranlinkid%3d15-1783950%26browserdefault%3dtrue&siteid=qfglneolowg-vbwuhhm_xupohty8zb0jgg,10/26/2016 12:05,1,6,0,0,0,0,0,0
http://rstyle.me/~7wmov,10/26/2016 12:05,1,6,0,0,0,0,0,1
http://www.sephora.com/product/productnotcarried.jsp,10/26/2016 12:05,1,6,0,0,0,0,0,0
http://www.sephora.com/affiliates.jsp?site=linkshare&url=http%3a%2f%2fwww.sephora.com%2fthe%2dedit%2deyeshadow%2dpalette%2dp406013%3fskuid%3d1801216%26om_mmc%3daff-linkshare-redirect-qfglneolowg%26c3ch%3dlinkshare%26c3nid%3dqfglneolowg%26affid%3dqfglneolowg-9mhxkc21kvrjnqpzwfifpw%26raneaid%3dqfglneolowg%26ranmid%3d2417%26ransiteid%3dqfglneolowg-9mhxkc21kvrjnqpzwfifpw%26ranlinkid%3d15-1801216%26browserdefault%3dtrue&siteid=qfglneolowg-9mhxkc21kvrjnqpzwfifpw,10/26/2016 12:05,1,6,0,0,0,0,0,0
http://rstyle.me/~7wmgq,10/26/2016 12:05,1,6,0,0,0,0,0,1
http://www.dailymail.co.uk/health/article-1216276/five-best--eardrops.html,10/26/2016 11:57,1,6,0,0,0,0,0,0
http://www.dailymail.co.uk/health/article-1216276/five-best--eardrops.html,10/26/2016 11:53,1,6,0,0,0,0,0,0
http://www.dailymail.co.uk/health/article-1216276/five-best--eardrops.html,10/26/2016 11:51,1,6,0,0,0,0,0,0
http://www.dailymail.co.uk/health/article-1216276/five-best--eardrops.html,10/26/2016 11:50,1,6,0,0,0,0,0,0
http://www.webmd.com/cold-and-flu/ear-infection/ear-infections-treatment-overview#1,10/26/2016 11:29,1,6,0,0,0,0,0,0
http://www.webmd.com/cold-and-flu/ear-infection/ear-infections-treatment-overview#1,10/26/2016 11:26,1,6,0,0,0,0,0,0
http://www.womenshealthmag.com/beauty/sns-manicure?utm_source=wmh09&utm_medium=email&smartcode=yn_0022761618_0001582817,10/26/2016 4:00,1,6,0,0,0,0,0,0
http://www.womenshealthmag.com/beauty/sns-manicure?utm_source=wmh09&utm_medium=email&smartcode=yn_0022761618_0001582817,10/26/2016 2:50,1,6,0,0,0,0,0,0
http://www.womenshealthmag.com/beauty/sns-manicure?utm_source=wmh09&utm_medium=email&smartcode=yn_0022761618_0001582817,10/26/2016 2:50,1,6,0,0,0,0,0,0
http://www.refinery29.com/hum-vitamins-review?utm_source=email&utm_medium=editorial&utm_content=everywhere&utm_campaign=161025-trader-joes-healthy-foods,10/26/2016 2:45,1,6,0,0,0,0,0,1
http://www.refinery29.com/hum-vitamins-review?utm_source=email&utm_medium=editorial&utm_content=everywhere&utm_campaign=161025-trader-joes-healthy-foods,10/26/2016 2:36,1,6,0,0,0,0,0,1
https://www.buzzfeed.com/sarahhan/treat-yourself-right-now-october?bffbmain&ref=bffbmain&utm_term=.pd1lebek4p#.uara7x7zok,10/25/2016 17:09,1,6,0,0,0,0,0,1
https://images.search.yahoo.com/images/view;_ylt=awrb8puh4w5y3syan402nilq;_ylu=x3odmti0awhoa3rubhnlywnzcgrzbgsdaw1nbg9pzanjzmflmdfjnjnmyzmzmmuyztk2otm5n2ewyzm4mjlkyqrncg9zazeznqrpdaniaw5n?.origin=&back=http%3a%2f%2fwww.swagbucks.com%2f%3ft%3di%26q%3dessie%2blimited%2baddiction&w=540&h=374&imgurl=www.temptalia.com%2fimages%2ffall2010%2fessie_fall003.jpg&rurl=http%3a%2f%2fwww.temptalia.com%2fessie-fall-2010-collection-review-photos-swatches%2f&size=171.7kb&name=nail+lacquers+%3a+sew+psyched%2c+%3cb%3elimited%3c%2fb%3e+%3cb%3eaddiction%3c%2fb%3e%2c+in+stitches&p=essie+limited+addiction&oid=cfae01c63fc332e2e969397a0c3829da&fr2=&fr=&tt=nail+lacquers+%3a+sew+psyched%2c+%3cb%3elimited%3c%2fb%3e+%3cb%3eaddiction%3c%2fb%3e%2c+in+stitches&b=121&ni=180&no=135&ts=&vm=p&tab=organic&sigr=12b0c003u&sigb=11nj4ic9o&sigi=11ju4bh4n&sigt=1296rd6d2&sign=1296rd6d2&.crumb=st6qm40ayk8&hsimp=yhs-prodege_001&hspart=prodege&type=search_6&vm=p&param1=16528508&param2=6303385&param4=-2125349507,10/25/2016 4:47,2,5,0,0,0,0,0,1
http://www1.bloomingdales.com/shop/product/clinique-even-better-compact-makeup-broad-spectrum-spf-15?id=689974&cm_mmc=connexity-_-beauty-_-clinique-_-20714564216usa&cawelaid=120156070001691183&szredirectid=14773325954931261431210090301008005&u1=95#,10/24/2016 18:11,2,5,0,0,1,0,0,0
http://www1.bloomingdales.com/shop/product/clinique-even-better-compact-makeup-broad-spectrum-spf-15?id=689974&cm_mmc=connexity-_-beauty-_-clinique-_-20714564216usa&cawelaid=120156070001691183&szredirectid=14773325954931261431210090301008005&u1=95#,10/24/2016 18:11,2,5,0,0,1,0,0,0
http://rd.bizrate.com/rd?t=http%3a%2f%2fwww1.bloomingdales.com%2fshop%2fproduct%2fclinique-even-better-compact-makeup-broad-spectrum-spf-15%3fid%3d689974%26cm_mmc%3dconnexity-_-beauty-_-clinique-_-20714564216usa%26cawelaid%3d120156070001691183%26szredirectid%3dsz_redirect_id%26u1%3d95&mid=205&cat_id=95&atom=100000650&prod_id=&oid=6549771055&pos=1&b_id=18&bid_type=9&bamt=42cebdc0db812186&cobrand=1&ppr=0a51af6d718349de&af_sid=66&mpid=20714564216usa&brandid=257844&keyword=clinique%20even%20better&rf=af1&af_assettype_id=10&af_creative_id=2912&af_id=431223&af_placement_id=1,10/24/2016 18:09,2,5,0,0,1,0,0,0
http://www1.macys.com/shop/product/clinique-even-better-makeup-spf-15-1-oz?id=373904&categoryid=30077&tdp=cm_app~zundefined~xcm_zone~zpdp_zone_b~xcm_choiceid~zcidm06rrm-96672aab-df87-416e-adfa-13f9a192118d%40h8%40customers%2balso%2bloved%2430077%24373904~xcm_pos~zpos3,10/24/2016 18:09,2,5,0,0,1,0,0,0
http://www.allure.com/story/why-you-should-still-wash-your-hair?mbid=nl_hair_blast&cndid=23634519&spmailingid=9741306&spuserid=mtmzmtmzoduwnjcys0&spjobid=1021808139&spreportid=mtaymtgwodezoqs2,10/24/2016 16:56,2,5,0,0,0,0,0,1
http://www.allure.com/story/why-you-should-still-wash-your-hair?mbid=nl_hair_blast&cndid=23634519&spmailingid=9741306&spuserid=mtmzmtmzoduwnjcys0&spjobid=1021808139&spreportid=mtaymtgwodezoqs2,10/24/2016 16:56,2,5,0,0,0,0,0,1
http://www.refinery29.com/2016/10/127046/pac-sun-beauty-products?utm_source=facebook.com&utm_medium=post&utm_campaign=repost&unique_id=entry_127046#slide,10/24/2016 12:50,3,4,0,0,0,0,0,1
https://www.bustle.com/articles/191021-7-things-you-should-never-do-to-your-skin-according-to-a-dermatologist?utm_source=facebook&utm_medium=owned&utm_campaign=bustle,10/24/2016 12:42,3,4,0,0,0,0,0,1
https://www.bustle.com/articles/191021-7-things-you-should-never-do-to-your-skin-according-to-a-dermatologist?utm_source=facebook&utm_medium=owned&utm_campaign=bustle,10/24/2016 12:40,3,4,0,0,0,0,0,1
http://www.refinery29.com/best-drugstore-eyebrow-products?utm_source=facebook.com&utm_medium=beautypost&utm_campaign=repost&unique_id=entry_126621#slide,10/24/2016 12:38,3,4,0,0,0,0,0,1
https://www.bustle.com/articles/191140-taylor-swifts-sexual-assault-deposition-against-a-radio-dj-reveals-disturbing-allegations?utm_source=facebook&utm_medium=owned&utm_campaign=bustle,10/24/2016 12:31,3,4,0,0,0,0,0,1
http://www.refinery29.com/beauty-products-expensive-cheap-options?utm_source=facebook.com&utm_medium=beautypost&utm_campaign=repost&unique_id=entry_126889#slide,10/24/2016 12:31,3,4,0,0,0,0,0,1
http://www.byrdie.com/lipsticks-for-your-personality/slide32,10/24/2016 11:46,3,4,0,0,0,0,0,1
http://www.byrdie.com/lipsticks-for-your-personality?utm_source=twitter-socialflow&utm_medium=owned-social&ref=tw,10/24/2016 11:46,3,4,0,0,0,0,0,1
https://www.buzzfeed.com/jeffbarron/as-seen-on-tv-products-that-actually-work?utm_term=.arze4l4m9n#.koko4o4aza,10/24/2016 11:44,3,4,0,0,0,0,0,1
https://www.buzzfeed.com/jeffbarron/as-seen-on-tv-products-that-actually-work?utm_term=.arze4l4m9n#.koko4o4aza,10/24/2016 11:42,3,4,0,0,0,0,0,1
https://www.buzzfeed.com/mallorymcinnis/movers-and-shakers-october-18-2016?utm_term=.kt79krk7dd#.chppwrwjoj,10/24/2016 11:39,3,4,0,0,0,0,0,1
https://www.buzzfeed.com/christinalan/impossibly-cheap-products-that-do-what-they-say?utm_term=.sh0v2g26zo#.ju6b6m6zan,10/24/2016 11:37,3,4,0,0,0,0,0,1
https://www.buzzfeed.com/mallorymcinnis/movers-and-shakers-october-18-2016?utm_term=.kt79krk7dd#.chppwrwjoj,10/24/2016 11:36,3,4,0,0,0,0,0,1
https://www.buzzfeed.com/sarahhan/coolest-things-on-amazon-launchpad-oct-2016?utm_term=.igp7949moj#.vrjy898pe0,10/24/2016 11:34,3,4,0,0,0,0,0,1
https://www.buzzfeed.com/jeffbarron/can-you-get-through-this-post-without-spending-50-oct-22?utm_term=.vvejpzpwnz#.yfrj4a46mj,10/24/2016 11:34,3,4,0,0,0,0,0,1
https://www.buzzfeed.com/treyegreen/face-serums-best-amazon?utm_term=.gul01v1de8#.mob17m7drg,10/24/2016 11:31,3,4,0,0,0,0,0,1
https://www.buzzfeed.com/mallorymcinnis/things-you-never-knew-you-needed-for-your-home?utm_term=.lu1rmjml8q#.uvpozez1qm,10/24/2016 11:28,3,4,0,0,0,0,0,1
https://www.buzzfeed.com/christinalan/impossibly-cheap-products-that-do-what-they-say?utm_term=.sh0v2g26zo#.ju6b6m6zan,10/24/2016 11:28,3,4,0,0,0,0,0,1
http://www.allure.com/story/signs-skin-aging-poorly?mbid=social_twitter,10/24/2016 11:28,3,4,0,0,0,0,0,1
https://www.buzzfeed.com/sarahhan/coolest-things-on-amazon-launchpad-oct-2016?utm_term=.igp7949moj#.vrjy898pe0,10/24/2016 11:27,3,4,0,0,0,0,0,1
https://www.buzzfeed.com/jeffbarron/can-you-get-through-this-post-without-spending-50-oct-22?utm_term=.vvejpzpwnz#.yfrj4a46mj,10/24/2016 11:27,3,4,0,0,0,0,0,1
https://www.buzzfeed.com/treyegreen/face-serums-best-amazon?utm_term=.gul01v1de8#.mob17m7drg,10/24/2016 11:27,3,4,0,0,0,0,0,1
https://www.buzzfeed.com/mallorymcinnis/things-you-never-knew-you-needed-for-your-home?utm_term=.lu1rmjml8q#.uvpozez1qm,10/24/2016 11:27,3,4,0,0,0,0,0,1
https://www.buzzfeed.com/mallorymcinnis/things-you-never-knew-you-needed-for-your-home?bftw&utm_term=.fqzrqnqexr#.xwkkdndzga,10/24/2016 11:26,3,4,0,0,0,0,0,1
http://www.allure.com/story/estee-lauder-buys-becca-cosmetics?mbid=social_twitter,10/24/2016 11:26,3,4,0,0,0,0,0,1
http://www.byrdie.com/lipsticks-for-your-personality?utm_source=twitter-socialflow&utm_medium=owned-social&ref=tw,10/24/2016 11:26,3,4,0,0,0,0,0,1
http://www.instyle.com/beauty/nails/opi-has-breakfast-tiffanys-line-nail-polish?xid=soc_socialflow_twitter,10/24/2016 11:26,3,4,0,0,0,0,0,1
http://www.instyle.com/beauty/nails/opi-has-breakfast-tiffanys-line-nail-polish?xid=soc_socialflow_twitter,10/24/2016 11:24,3,4,0,0,0,0,0,1
http://www.allure.com/story/estee-lauder-buys-becca-cosmetics?mbid=social_twitter,10/24/2016 11:24,3,4,0,0,0,0,0,1
https://www.buzzfeed.com/mallorymcinnis/things-you-never-knew-you-needed-for-your-home?bftw&utm_term=.fqzrqnqexr#.xwkkdndzga,10/24/2016 11:22,3,4,0,0,0,0,0,1
http://www.allure.com/story/signs-skin-aging-poorly?mbid=social_twitter,10/24/2016 11:21,3,4,0,0,0,0,0,1
http://www.refinery29.com/best-makeup-remover?utm_source=facebook.com&utm_medium=beautypost&utm_campaign=repost&unique_id=entry_126030#slide,10/23/2016 9:24,4,3,0,0,0,0,0,1
http://www.refinery29.com/best-makeup-remover?utm_source=facebook.com&utm_medium=beautypost&utm_campaign=repost&unique_id=entry_126030#slide,10/23/2016 9:23,4,3,0,0,0,0,0,1
http://www.instyle.com/hair/hair-products-tools/fall-scented-hair-care-products?xid=soc_socialflow_twitter,10/23/2016 7:54,4,3,0,0,0,0,0,1
http://www.elle.com/beauty/makeup-skin-care/news/g29033/mac-helmut-newton-collection/?slide=12&src=socialflowtw,10/23/2016 7:45,4,3,0,0,0,0,0,1
http://www.elle.com/beauty/how-to/g29016/kristie-streicher-interview-advice/?slide=1,10/23/2016 7:45,4,3,0,0,0,0,0,1
http://www.elle.com/beauty/makeup-skin-care/news/g29033/mac-helmut-newton-collection/?slide=12&src=socialflowtw,10/23/2016 7:45,4,3,0,0,0,0,0,1
http://www.instyle.com/hair/hair-products-tools/fall-scented-hair-care-products?xid=soc_socialflow_twitter,10/23/2016 7:45,4,3,0,0,0,0,0,1
http://www.elle.com/beauty/makeup-skin-care/news/g29033/mac-helmut-newton-collection/?slide=12&src=socialflowtw,10/23/2016 7:44,4,3,0,0,0,0,0,1
http://www.refinery29.com/aesop-parsley-seed-cleansing-masque-review?utm_source=facebook.com&utm_medium=beautypost&utm_campaign=repost&unique_id=entry_126456,10/23/2016 5:54,4,3,0,0,0,0,0,1
http://www.refinery29.com/aesop-parsley-seed-cleansing-masque-review?utm_source=facebook.com&utm_medium=beautypost&utm_campaign=repost&unique_id=entry_126456,10/23/2016 5:53,4,3,0,0,0,0,0,1
http://www.refinery29.com/metallic-eyeshadows-gold-bronze?utm_source=facebook.com&utm_medium=beautypost&utm_campaign=repost&unique_id=entry_126743#slide,10/23/2016 5:51,4,3,0,0,0,0,0,1
https://www.buzzfeed.com/angelospagnolo/we-know-your-zodiac-and-location-based-on-your-mcdonalds-ord?bffbquiz&utm_term=.oib39w9qm6#.sn2bqbqvez,10/23/2016 4:47,4,3,0,0,0,0,0,1
https://www.buzzfeed.com/angelospagnolo/we-know-your-zodiac-and-location-based-on-your-mcdonalds-ord?bffbquiz&utm_term=.nn4q6p6w1n#.chppwrwjoj,10/23/2016 4:46,4,3,0,0,0,0,0,1
https://www.buzzfeed.com/angelospagnolo/we-know-your-zodiac-and-location-based-on-your-mcdonalds-ord?bffbquiz&utm_term=.jnkjepenw7#.ctj70m0mzr,10/23/2016 4:45,4,3,0,0,0,0,0,1
https://www.buzzfeed.com/danielacadena/costumes-that-didnt-mean-to-be-terrifying-but-totally-are?utm_term=.yjp9b8bqrx#.jsqk1g1q75,10/23/2016 4:36,4,3,0,0,0,0,0,1
http://www.glamour.com/gallery/beauty-products-to-pack-in-your-gym-bag-according-to-fitness-pros,10/22/2016 20:40,4,3,0,0,0,0,0,1
http://www.glamour.com/story/khloe-kardashian-gym-bag-dry-shampoo?mbid=nl_102116_daily_beautytips&cndid=23634519&spmailingid=9736892&spuserid=mtmynte4mtu5ndm5s0&spjobid=1021701419&spreportid=mtaymtcwmtqxoqs2,10/22/2016 20:40,4,3,0,0,0,0,0,1
http://www.glamour.com/story/khloe-kardashian-gym-bag-dry-shampoo?mbid=nl_102116_daily_beautytips&cndid=23634519&spmailingid=9736892&spuserid=mtmynte4mtu5ndm5s0&spjobid=1021701419&spreportid=mtaymtcwmtqxoqs2,10/22/2016 20:39,4,3,0,0,0,0,0,1
http://www.glamour.com/story/you-need-to-try-these-new-fall-starbucks-drinks?mbid=nl_102116_monthly_glamourgram&cndid=23634519&spmailingid=9737394&spuserid=mtmynte4mtu5ndm5s0&spjobid=1021706420&spreportid=mtaymtcwnjqymas2,10/22/2016 20:39,4,3,0,0,0,0,0,1
http://www.glamour.com/story/you-need-to-try-these-new-fall-starbucks-drinks?mbid=nl_102116_monthly_glamourgram&cndid=23634519&spmailingid=9737394&spuserid=mtmynte4mtu5ndm5s0&spjobid=1021706420&spreportid=mtaymtcwnjqymas2,10/22/2016 20:37,4,3,0,0,0,0,0,1
http://www.refinery29.com/are-organic-tampons-better-feminine-products?utm_source=email&utm_medium=editorial&utm_content=everywhere&utm_campaign=161021-netflix-leaving-november-2016,10/22/2016 20:37,4,3,0,0,0,0,0,1
http://www.refinery29.com/are-organic-tampons-better-feminine-products?utm_source=email&utm_medium=editorial&utm_content=everywhere&utm_campaign=161021-netflix-leaving-november-2016,10/22/2016 20:36,4,3,0,0,0,0,0,1
http://www.whowhatwear.com/under-50-accessories-style-tips?utm_source=newsletter&utm_medium=email&utm_campaign=www+october+22+2016+new+zara+collection,10/22/2016 20:35,4,3,0,0,0,0,0,1
http://www.whowhatwear.com/under-50-accessories-style-tips?utm_source=newsletter&utm_medium=email&utm_campaign=www+october+22+2016+new+zara+collection,10/22/2016 20:33,4,3,0,0,0,0,0,1
https://www.buzzfeed.com/maitlandquitmeyer/products-for-people-who-love-to-nap?bffbmain&ref=bffbmain&utm_term=.cx5ompmxax#.uwg19d9vxr,10/22/2016 20:27,4,3,0,0,0,0,0,1
http://www.refinery29.com/brazilian-wax-fear-of-nudity?utm_source=facebook.com&utm_medium=beautypost&unique_id=entry_126196,10/22/2016 20:24,4,3,0,0,0,0,0,1
http://www.refinery29.com/get-rid-of-blackheads?utm_source=facebook.com&utm_medium=beautypost&unique_id=entry_80969#slide,10/22/2016 20:21,4,3,0,0,0,0,0,1
https://www.buzzfeed.com/caseyrackham/november-netflix-with-ice-cream?utm_term=.vnz3j5j0bl&bffbquiz#.qvxkwjw8d4,10/22/2016 20:20,4,3,0,0,0,0,0,1
http://www.refinery29.com/get-rid-of-blackheads?utm_source=facebook.com&utm_medium=beautypost&unique_id=entry_80969#slide,10/22/2016 20:20,4,3,0,0,0,0,0,1
https://www.buzzfeed.com/caseyrackham/november-netflix-with-ice-cream?utm_term=.vnz3j5j0bl&bffbquiz#.qvxkwjw8d4,10/22/2016 20:20,4,3,0,0,0,0,0,1
https://www.buzzfeed.com/caseyrackham/november-netflix-with-ice-cream?utm_term=.vnz3j5j0bl&bffbquiz#.qvxkwjw8d4,10/22/2016 20:19,4,3,0,0,0,0,0,1
https://www.buzzfeed.com/christopherhudspeth/we-know-your-exact-age-based-on-your-chocolate-preferences?utm_term=.uu5l393rd6&bffbvid#.so7pzdzkml,10/22/2016 19:10,4,3,0,0,0,0,0,1
http://www.refinery29.com/2016/10/127209/amber-rose-makeup-artist-sephora-favorites#slide,10/22/2016 18:49,4,3,0,0,0,0,0,1
http://www.refinery29.com/favorite-makeup-staples#slide-1,10/22/2016 18:49,4,3,0,0,0,0,0,1
http://www.refinery29.com/2016/10/126771/holiday-makeup-products-2016?utm_source=facebook.com&utm_medium=beautypost&utm_campaign=repost&unique_id=entry_126771#slide-1,10/22/2016 18:48,4,3,0,0,0,0,0,1
http://www.sephora.com/artist-rouge-lipstick-p410516?skuid=1850650&icid2=products%20grid%3ap410516,10/22/2016 1:34,5,2,0,0,0,0,0,0
http://www.sephora.com/make-up-for-ever?node=1050000,10/22/2016 1:33,5,2,0,0,0,0,0,0
http://www.sephora.com/artist-rouge-lipstick-p410516?skuid=1854421&icid2=products%20grid:p410516,10/22/2016 1:33,5,2,0,0,0,0,0,0
http://www.sephora.com/search/search.jsp?keyword=rouge%20artist%20natural&mode=all,10/22/2016 1:33,5,2,0,0,0,0,0,0
http://www.sephora.com/make-up-for-ever,10/22/2016 1:32,5,2,0,0,0,0,0,0
http://www.sephora.com/make-up-for-ever?searchterm=make%20up%20forever&products=all&node=1050000,10/22/2016 1:32,5,2,0,0,0,0,0,0
http://www.sephora.com/#,10/22/2016 1:32,5,2,0,0,0,0,0,0
http://www.sephora.com/,10/22/2016 1:31,5,2,0,0,0,0,0,0
https://v2.decipherinc.com/survey/selfserve/1f07/160922#!@,10/21/2016 23:39,5,2,0,0,0,0,0,0
https://v2.decipherinc.com/survey/selfserve/1f07/160922#!@,10/21/2016 23:29,5,2,0,0,0,0,0,0
https://v2.decipherinc.com/survey/selfserve/1f07/160922#!:,10/21/2016 23:29,5,2,0,0,0,0,0,0
https://v2.decipherinc.com/survey/selfserve/1f07/160922#!~,10/21/2016 23:29,5,2,0,0,0,0,0,0
https://v2.decipherinc.com/survey/selfserve/1f07/160922#!-,10/21/2016 23:29,5,2,0,0,0,0,0,0
https://v2.decipherinc.com/survey/selfserve/1f07/160922#!.,10/21/2016 23:27,5,2,0,0,0,0,0,0
https://v2.decipherinc.com/survey/selfserve/1f07/160922#!=,10/21/2016 23:27,5,2,0,0,0,0,0,0
https://v2.decipherinc.com/survey/selfserve/1f07/160922#!;,10/21/2016 23:27,5,2,0,0,0,0,0,0
https://v2.decipherinc.com/survey/selfserve/1f07/160922#!(,10/21/2016 23:26,5,2,0,0,0,0,0,0
https://v2.decipherinc.com/survey/selfserve/1f07/160922#!,,10/21/2016 23:26,5,0,0,0,0,0,0
https://v2.decipherinc.com/survey/selfserve/1f07/160922#!*,10/21/2016 23:26,5,2,0,0,0,0,0,0
https://v2.decipherinc.com/survey/selfserve/1f07/160922#!),10/21/2016 23:26,5,2,0,0,0,0,0,0
https://v2.decipherinc.com/survey/selfserve/1f07/160922#!',10/21/2016 23:26,5,2,0,0,0,0,0,0
https://v2.decipherinc.com/survey/selfserve/1f07/160922#!&,10/21/2016 23:26,5,2,0,0,0,0,0,0
https://v2.decipherinc.com/survey/selfserve/1f07/160922#!$,10/21/2016 23:26,5,2,0,0,0,0,0,0
https://v2.decipherinc.com/survey/selfserve/1f07/160922#!?,10/21/2016 23:26,5,2,0,0,0,0,0,0
https://v2.decipherinc.com/survey/selfserve/1f07/160922#!_,10/21/2016 23:25,5,2,0,0,0,0,0,0
https://v2.decipherinc.com/survey/selfserve/1f07/160922#!,10/21/2016 23:25,5,2,0,0,0,0,0,0
https://v2.decipherinc.com/survey/selfserve/1f07/160922#@,10/21/2016 23:25,5,2,0,0,0,0,0,0
https://v2.decipherinc.com/survey/selfserve/1f07/160922#:,10/21/2016 23:25,5,2,0,0,0,0,0,0
https://v2.decipherinc.com/survey/selfserve/1f07/160922#~,10/21/2016 23:25,5,2,0,0,0,0,0,0
https://v2.decipherinc.com/survey/selfserve/1f07/160922#-,10/21/2016 23:25,5,2,0,0,0,0,0,0
https://v2.decipherinc.com/survey/selfserve/1f07/160922#.,10/21/2016 23:25,5,2,0,0,0,0,0,0
https://v2.decipherinc.com/survey/selfserve/1f07/160922#=,10/21/2016 23:25,5,2,0,0,0,0,0,0
https://v2.decipherinc.com/survey/selfserve/1f07/160922#;,10/21/2016 23:25,5,2,0,0,0,0,0,0
https://v2.decipherinc.com/survey/selfserve/1f07/160922#(,10/21/2016 23:25,5,2,0,0,0,0,0,0
https://v2.decipherinc.com/survey/selfserve/1f07/160922#,,10/21/2016 23:25,5,0,0,0,0,0,0
https://v2.decipherinc.com/survey/selfserve/1f07/160922#*,10/21/2016 23:25,5,2,0,0,0,0,0,0
https://v2.decipherinc.com/survey/selfserve/1f07/160922#),10/21/2016 23:24,5,2,0,0,0,0,0,0
https://v2.decipherinc.com/survey/selfserve/1f07/160922#',10/21/2016 23:24,5,2,0,0,0,0,0,0
https://v2.decipherinc.com/survey/selfserve/1f07/160922#&,10/21/2016 23:24,5,2,0,0,0,0,0,0
https://v2.decipherinc.com/survey/selfserve/1f07/160922#$,10/21/2016 23:24,5,2,0,0,0,0,0,0
https://v2.decipherinc.com/survey/selfserve/1f07/160922?list=1&rid=8b872699-e597-e611-813e-121eac84731d&risn=480658#?,10/21/2016 23:24,5,2,0,0,0,0,0,0
https://v2.decipherinc.com/survey/selfserve/1f07/160922?list=1&rid=8b872699-e597-e611-813e-121eac84731d&risn=480658#?,10/21/2016 23:24,5,2,0,0,0,0,0,0
https://www.buzzfeed.com/tolanishoneye/cheap-cruetly-free-beauty-products-youll-wish-you-knew-abo?utm_term=.hsxekrk3bp#.cqxx8o8lgr,10/21/2016 23:04,5,2,0,0,0,0,0,1
https://www.buzzfeed.com/tolanishoneye/cheap-cruetly-free-beauty-products-youll-wish-you-knew-abo,10/21/2016 23:04,5,2,0,0,0,0,0,1
